unit_id,session_id,genotype
1179685635,1047969464,Sst-IRES-Cre/wt;Ai32(RCL-ChR2(H134R)_EYFP)/wt
1179685215,1047969464,Sst-IRES-Cre/wt;Ai32(RCL-ChR2(H134R)_EYFP)/wt
1179685341,1047969464,Sst-IRES-Cre/wt;Ai32(RCL-ChR2(H134R)_EYFP)/wt
1179685195,1047969464,Sst-IRES-Cre/wt;Ai32(RCL-ChR2(H134R)_EYFP)/wt
1179685387,1047969464,Sst-IRES-Cre/wt;Ai32(RCL-ChR2(H134R)_EYFP)/wt
1179685243,1047969464,Sst-IRES-Cre/wt;Ai32(RCL-ChR2(H134R)_EYFP)/wt
1179685479,1047969464,Sst-IRES-Cre/wt;Ai32(RCL-ChR2(H134R)_EYFP)/wt
1179685531,1047969464,Sst-IRES-Cre/wt;Ai32(RCL-ChR2(H134R)_EYFP)/wt
1179685379,1047969464,Sst-IRES-Cre/wt;Ai32(RCL-ChR2(H134R)_EYFP)/wt
1179685275,1047969464,Sst-IRES-Cre/wt;Ai32(RCL-ChR2(H134R)_EYFP)/wt
1179685334,1047969464,Sst-IRES-Cre/wt;Ai32(RCL-ChR2(H134R)_EYFP)/wt
1179685440,1047969464,Sst-IRES-Cre/wt;Ai32(RCL-ChR2(H134R)_EYFP)/wt
1179685837,1047969464,Sst-IRES-Cre/wt;Ai32(RCL-ChR2(H134R)_EYFP)/wt
1179686108,1047969464,Sst-IRES-Cre/wt;Ai32(RCL-ChR2(H134R)_EYFP)/wt
1179685983,1047969464,Sst-IRES-Cre/wt;Ai32(RCL-ChR2(H134R)_EYFP)/wt
1179685889,1047969464,Sst-IRES-Cre/wt;Ai32(RCL-ChR2(H134R)_EYFP)/wt
1179685818,1047969464,Sst-IRES-Cre/wt;Ai32(RCL-ChR2(H134R)_EYFP)/wt
1179685861,1047969464,Sst-IRES-Cre/wt;Ai32(RCL-ChR2(H134R)_EYFP)/wt
1179687497,1047969464,Sst-IRES-Cre/wt;Ai32(RCL-ChR2(H134R)_EYFP)/wt
1179687596,1047969464,Sst-IRES-Cre/wt;Ai32(RCL-ChR2(H134R)_EYFP)/wt
1179687678,1047969464,Sst-IRES-Cre/wt;Ai32(RCL-ChR2(H134R)_EYFP)/wt
1179687197,1047969464,Sst-IRES-Cre/wt;Ai32(RCL-ChR2(H134R)_EYFP)/wt
1179687589,1047969464,Sst-IRES-Cre/wt;Ai32(RCL-ChR2(H134R)_EYFP)/wt
1179687487,1047969464,Sst-IRES-Cre/wt;Ai32(RCL-ChR2(H134R)_EYFP)/wt
1179687420,1047969464,Sst-IRES-Cre/wt;Ai32(RCL-ChR2(H134R)_EYFP)/wt
1179687459,1047969464,Sst-IRES-Cre/wt;Ai32(RCL-ChR2(H134R)_EYFP)/wt
1179687458,1047969464,Sst-IRES-Cre/wt;Ai32(RCL-ChR2(H134R)_EYFP)/wt
1179687516,1047969464,Sst-IRES-Cre/wt;Ai32(RCL-ChR2(H134R)_EYFP)/wt
1179687512,1047969464,Sst-IRES-Cre/wt;Ai32(RCL-ChR2(H134R)_EYFP)/wt
1179688507,1047969464,Sst-IRES-Cre/wt;Ai32(RCL-ChR2(H134R)_EYFP)/wt
1179688501,1047969464,Sst-IRES-Cre/wt;Ai32(RCL-ChR2(H134R)_EYFP)/wt
1179688239,1047969464,Sst-IRES-Cre/wt;Ai32(RCL-ChR2(H134R)_EYFP)/wt
1179688337,1047969464,Sst-IRES-Cre/wt;Ai32(RCL-ChR2(H134R)_EYFP)/wt
1179688539,1047969464,Sst-IRES-Cre/wt;Ai32(RCL-ChR2(H134R)_EYFP)/wt
1179688424,1047969464,Sst-IRES-Cre/wt;Ai32(RCL-ChR2(H134R)_EYFP)/wt
1179688533,1047969464,Sst-IRES-Cre/wt;Ai32(RCL-ChR2(H134R)_EYFP)/wt
1179688731,1047969464,Sst-IRES-Cre/wt;Ai32(RCL-ChR2(H134R)_EYFP)/wt
1179688288,1047969464,Sst-IRES-Cre/wt;Ai32(RCL-ChR2(H134R)_EYFP)/wt
1179688223,1047969464,Sst-IRES-Cre/wt;Ai32(RCL-ChR2(H134R)_EYFP)/wt
1179688397,1047969464,Sst-IRES-Cre/wt;Ai32(RCL-ChR2(H134R)_EYFP)/wt
1179688413,1047969464,Sst-IRES-Cre/wt;Ai32(RCL-ChR2(H134R)_EYFP)/wt
1179687890,1047969464,Sst-IRES-Cre/wt;Ai32(RCL-ChR2(H134R)_EYFP)/wt
1179689178,1047969464,Sst-IRES-Cre/wt;Ai32(RCL-ChR2(H134R)_EYFP)/wt
1179689177,1047969464,Sst-IRES-Cre/wt;Ai32(RCL-ChR2(H134R)_EYFP)/wt
1179689085,1047969464,Sst-IRES-Cre/wt;Ai32(RCL-ChR2(H134R)_EYFP)/wt
1179689286,1047969464,Sst-IRES-Cre/wt;Ai32(RCL-ChR2(H134R)_EYFP)/wt
1179689284,1047969464,Sst-IRES-Cre/wt;Ai32(RCL-ChR2(H134R)_EYFP)/wt
1179689175,1047969464,Sst-IRES-Cre/wt;Ai32(RCL-ChR2(H134R)_EYFP)/wt
1179689197,1047969464,Sst-IRES-Cre/wt;Ai32(RCL-ChR2(H134R)_EYFP)/wt
1179689124,1047969464,Sst-IRES-Cre/wt;Ai32(RCL-ChR2(H134R)_EYFP)/wt
1179689275,1047969464,Sst-IRES-Cre/wt;Ai32(RCL-ChR2(H134R)_EYFP)/wt
1179689033,1047969464,Sst-IRES-Cre/wt;Ai32(RCL-ChR2(H134R)_EYFP)/wt
1179689083,1047969464,Sst-IRES-Cre/wt;Ai32(RCL-ChR2(H134R)_EYFP)/wt
1179689021,1047969464,Sst-IRES-Cre/wt;Ai32(RCL-ChR2(H134R)_EYFP)/wt
1179689074,1047969464,Sst-IRES-Cre/wt;Ai32(RCL-ChR2(H134R)_EYFP)/wt
1053056595,1048189115,Sst-IRES-Cre/wt;Ai32(RCL-ChR2(H134R)_EYFP)/wt
1053056625,1048189115,Sst-IRES-Cre/wt;Ai32(RCL-ChR2(H134R)_EYFP)/wt
1053056572,1048189115,Sst-IRES-Cre/wt;Ai32(RCL-ChR2(H134R)_EYFP)/wt
1053056635,1048189115,Sst-IRES-Cre/wt;Ai32(RCL-ChR2(H134R)_EYFP)/wt
1053056593,1048189115,Sst-IRES-Cre/wt;Ai32(RCL-ChR2(H134R)_EYFP)/wt
1053056676,1048189115,Sst-IRES-Cre/wt;Ai32(RCL-ChR2(H134R)_EYFP)/wt
1053056630,1048189115,Sst-IRES-Cre/wt;Ai32(RCL-ChR2(H134R)_EYFP)/wt
1053056591,1048189115,Sst-IRES-Cre/wt;Ai32(RCL-ChR2(H134R)_EYFP)/wt
1053056890,1048189115,Sst-IRES-Cre/wt;Ai32(RCL-ChR2(H134R)_EYFP)/wt
1053056954,1048189115,Sst-IRES-Cre/wt;Ai32(RCL-ChR2(H134R)_EYFP)/wt
1053057240,1048189115,Sst-IRES-Cre/wt;Ai32(RCL-ChR2(H134R)_EYFP)/wt
1053057290,1048189115,Sst-IRES-Cre/wt;Ai32(RCL-ChR2(H134R)_EYFP)/wt
1053057263,1048189115,Sst-IRES-Cre/wt;Ai32(RCL-ChR2(H134R)_EYFP)/wt
1053057344,1048189115,Sst-IRES-Cre/wt;Ai32(RCL-ChR2(H134R)_EYFP)/wt
1053057511,1048189115,Sst-IRES-Cre/wt;Ai32(RCL-ChR2(H134R)_EYFP)/wt
1053057586,1048189115,Sst-IRES-Cre/wt;Ai32(RCL-ChR2(H134R)_EYFP)/wt
1053057514,1048189115,Sst-IRES-Cre/wt;Ai32(RCL-ChR2(H134R)_EYFP)/wt
1053057567,1048189115,Sst-IRES-Cre/wt;Ai32(RCL-ChR2(H134R)_EYFP)/wt
1053058003,1048189115,Sst-IRES-Cre/wt;Ai32(RCL-ChR2(H134R)_EYFP)/wt
1053057993,1048189115,Sst-IRES-Cre/wt;Ai32(RCL-ChR2(H134R)_EYFP)/wt
1053057991,1048189115,Sst-IRES-Cre/wt;Ai32(RCL-ChR2(H134R)_EYFP)/wt
1053057930,1048189115,Sst-IRES-Cre/wt;Ai32(RCL-ChR2(H134R)_EYFP)/wt
1053057928,1048189115,Sst-IRES-Cre/wt;Ai32(RCL-ChR2(H134R)_EYFP)/wt
1053057925,1048189115,Sst-IRES-Cre/wt;Ai32(RCL-ChR2(H134R)_EYFP)/wt
1053057920,1048189115,Sst-IRES-Cre/wt;Ai32(RCL-ChR2(H134R)_EYFP)/wt
1053057955,1048189115,Sst-IRES-Cre/wt;Ai32(RCL-ChR2(H134R)_EYFP)/wt
1053058221,1048189115,Sst-IRES-Cre/wt;Ai32(RCL-ChR2(H134R)_EYFP)/wt
1053058281,1048189115,Sst-IRES-Cre/wt;Ai32(RCL-ChR2(H134R)_EYFP)/wt
1053058296,1048189115,Sst-IRES-Cre/wt;Ai32(RCL-ChR2(H134R)_EYFP)/wt
1053058272,1048189115,Sst-IRES-Cre/wt;Ai32(RCL-ChR2(H134R)_EYFP)/wt
1053058184,1048189115,Sst-IRES-Cre/wt;Ai32(RCL-ChR2(H134R)_EYFP)/wt
1053058183,1048189115,Sst-IRES-Cre/wt;Ai32(RCL-ChR2(H134R)_EYFP)/wt
1053058242,1048189115,Sst-IRES-Cre/wt;Ai32(RCL-ChR2(H134R)_EYFP)/wt
1053058222,1048189115,Sst-IRES-Cre/wt;Ai32(RCL-ChR2(H134R)_EYFP)/wt
1158576082,1049273528,Vip-IRES-Cre/wt;Ai32(RCL-ChR2(H134R)_EYFP)/wt
1158576938,1049273528,Vip-IRES-Cre/wt;Ai32(RCL-ChR2(H134R)_EYFP)/wt
1054303410,1049514117,Vip-IRES-Cre/wt;Ai32(RCL-ChR2(H134R)_EYFP)/wt
1179685303,1047977240,Sst-IRES-Cre/wt;Ai32(RCL-ChR2(H134R)_EYFP)/wt
1179686094,1047977240,Sst-IRES-Cre/wt;Ai32(RCL-ChR2(H134R)_EYFP)/wt
1179687098,1047977240,Sst-IRES-Cre/wt;Ai32(RCL-ChR2(H134R)_EYFP)/wt
1179688096,1047977240,Sst-IRES-Cre/wt;Ai32(RCL-ChR2(H134R)_EYFP)/wt
1179688654,1047977240,Sst-IRES-Cre/wt;Ai32(RCL-ChR2(H134R)_EYFP)/wt
1054309799,1048196054,Sst-IRES-Cre/wt;Ai32(RCL-ChR2(H134R)_EYFP)/wt
1054309849,1048196054,Sst-IRES-Cre/wt;Ai32(RCL-ChR2(H134R)_EYFP)/wt
1054309744,1048196054,Sst-IRES-Cre/wt;Ai32(RCL-ChR2(H134R)_EYFP)/wt
1054310701,1048196054,Sst-IRES-Cre/wt;Ai32(RCL-ChR2(H134R)_EYFP)/wt
1054311373,1048196054,Sst-IRES-Cre/wt;Ai32(RCL-ChR2(H134R)_EYFP)/wt
1054311401,1048196054,Sst-IRES-Cre/wt;Ai32(RCL-ChR2(H134R)_EYFP)/wt
1054311776,1048196054,Sst-IRES-Cre/wt;Ai32(RCL-ChR2(H134R)_EYFP)/wt
1061830578,1053718935,Sst-IRES-Cre/wt;Ai32(RCL-ChR2(H134R)_EYFP)/wt
1061830580,1053718935,Sst-IRES-Cre/wt;Ai32(RCL-ChR2(H134R)_EYFP)/wt
1061830474,1053718935,Sst-IRES-Cre/wt;Ai32(RCL-ChR2(H134R)_EYFP)/wt
1061830358,1053718935,Sst-IRES-Cre/wt;Ai32(RCL-ChR2(H134R)_EYFP)/wt
1061830650,1053718935,Sst-IRES-Cre/wt;Ai32(RCL-ChR2(H134R)_EYFP)/wt
1061830514,1053718935,Sst-IRES-Cre/wt;Ai32(RCL-ChR2(H134R)_EYFP)/wt
1061830617,1053718935,Sst-IRES-Cre/wt;Ai32(RCL-ChR2(H134R)_EYFP)/wt
1061830500,1053718935,Sst-IRES-Cre/wt;Ai32(RCL-ChR2(H134R)_EYFP)/wt
1061830901,1053718935,Sst-IRES-Cre/wt;Ai32(RCL-ChR2(H134R)_EYFP)/wt
1061831143,1053718935,Sst-IRES-Cre/wt;Ai32(RCL-ChR2(H134R)_EYFP)/wt
1061831067,1053718935,Sst-IRES-Cre/wt;Ai32(RCL-ChR2(H134R)_EYFP)/wt
1061831037,1053718935,Sst-IRES-Cre/wt;Ai32(RCL-ChR2(H134R)_EYFP)/wt
1061830930,1053718935,Sst-IRES-Cre/wt;Ai32(RCL-ChR2(H134R)_EYFP)/wt
1061830935,1053718935,Sst-IRES-Cre/wt;Ai32(RCL-ChR2(H134R)_EYFP)/wt
1061830959,1053718935,Sst-IRES-Cre/wt;Ai32(RCL-ChR2(H134R)_EYFP)/wt
1061830874,1053718935,Sst-IRES-Cre/wt;Ai32(RCL-ChR2(H134R)_EYFP)/wt
1061830927,1053718935,Sst-IRES-Cre/wt;Ai32(RCL-ChR2(H134R)_EYFP)/wt
1061831328,1053718935,Sst-IRES-Cre/wt;Ai32(RCL-ChR2(H134R)_EYFP)/wt
1061831331,1053718935,Sst-IRES-Cre/wt;Ai32(RCL-ChR2(H134R)_EYFP)/wt
1061831729,1053718935,Sst-IRES-Cre/wt;Ai32(RCL-ChR2(H134R)_EYFP)/wt
1061831673,1053718935,Sst-IRES-Cre/wt;Ai32(RCL-ChR2(H134R)_EYFP)/wt
1061831682,1053718935,Sst-IRES-Cre/wt;Ai32(RCL-ChR2(H134R)_EYFP)/wt
1061831681,1053718935,Sst-IRES-Cre/wt;Ai32(RCL-ChR2(H134R)_EYFP)/wt
1061831725,1053718935,Sst-IRES-Cre/wt;Ai32(RCL-ChR2(H134R)_EYFP)/wt
1061831737,1053718935,Sst-IRES-Cre/wt;Ai32(RCL-ChR2(H134R)_EYFP)/wt
1061831853,1053718935,Sst-IRES-Cre/wt;Ai32(RCL-ChR2(H134R)_EYFP)/wt
1061831776,1053718935,Sst-IRES-Cre/wt;Ai32(RCL-ChR2(H134R)_EYFP)/wt
1061831865,1053718935,Sst-IRES-Cre/wt;Ai32(RCL-ChR2(H134R)_EYFP)/wt
1061831695,1053718935,Sst-IRES-Cre/wt;Ai32(RCL-ChR2(H134R)_EYFP)/wt
1061831802,1053718935,Sst-IRES-Cre/wt;Ai32(RCL-ChR2(H134R)_EYFP)/wt
1061831696,1053718935,Sst-IRES-Cre/wt;Ai32(RCL-ChR2(H134R)_EYFP)/wt
1061832244,1053718935,Sst-IRES-Cre/wt;Ai32(RCL-ChR2(H134R)_EYFP)/wt
1061832197,1053718935,Sst-IRES-Cre/wt;Ai32(RCL-ChR2(H134R)_EYFP)/wt
1061832303,1053718935,Sst-IRES-Cre/wt;Ai32(RCL-ChR2(H134R)_EYFP)/wt
1061832236,1053718935,Sst-IRES-Cre/wt;Ai32(RCL-ChR2(H134R)_EYFP)/wt
1061832296,1053718935,Sst-IRES-Cre/wt;Ai32(RCL-ChR2(H134R)_EYFP)/wt
1061832185,1053718935,Sst-IRES-Cre/wt;Ai32(RCL-ChR2(H134R)_EYFP)/wt
1061832176,1053718935,Sst-IRES-Cre/wt;Ai32(RCL-ChR2(H134R)_EYFP)/wt
1061832163,1053718935,Sst-IRES-Cre/wt;Ai32(RCL-ChR2(H134R)_EYFP)/wt
1061832659,1053718935,Sst-IRES-Cre/wt;Ai32(RCL-ChR2(H134R)_EYFP)/wt
1061853888,1053941483,Sst-IRES-Cre/wt;Ai32(RCL-ChR2(H134R)_EYFP)/wt
1061853889,1053941483,Sst-IRES-Cre/wt;Ai32(RCL-ChR2(H134R)_EYFP)/wt
1061854214,1053941483,Sst-IRES-Cre/wt;Ai32(RCL-ChR2(H134R)_EYFP)/wt
1061854194,1053941483,Sst-IRES-Cre/wt;Ai32(RCL-ChR2(H134R)_EYFP)/wt
1061854185,1053941483,Sst-IRES-Cre/wt;Ai32(RCL-ChR2(H134R)_EYFP)/wt
1061854182,1053941483,Sst-IRES-Cre/wt;Ai32(RCL-ChR2(H134R)_EYFP)/wt
1061854331,1053941483,Sst-IRES-Cre/wt;Ai32(RCL-ChR2(H134R)_EYFP)/wt
1061854249,1053941483,Sst-IRES-Cre/wt;Ai32(RCL-ChR2(H134R)_EYFP)/wt
1061854150,1053941483,Sst-IRES-Cre/wt;Ai32(RCL-ChR2(H134R)_EYFP)/wt
1061854524,1053941483,Sst-IRES-Cre/wt;Ai32(RCL-ChR2(H134R)_EYFP)/wt
1061854506,1053941483,Sst-IRES-Cre/wt;Ai32(RCL-ChR2(H134R)_EYFP)/wt
1061854742,1053941483,Sst-IRES-Cre/wt;Ai32(RCL-ChR2(H134R)_EYFP)/wt
1061854787,1053941483,Sst-IRES-Cre/wt;Ai32(RCL-ChR2(H134R)_EYFP)/wt
1061854707,1053941483,Sst-IRES-Cre/wt;Ai32(RCL-ChR2(H134R)_EYFP)/wt
1061854762,1053941483,Sst-IRES-Cre/wt;Ai32(RCL-ChR2(H134R)_EYFP)/wt
1061854704,1053941483,Sst-IRES-Cre/wt;Ai32(RCL-ChR2(H134R)_EYFP)/wt
1061854721,1053941483,Sst-IRES-Cre/wt;Ai32(RCL-ChR2(H134R)_EYFP)/wt
1061854854,1053941483,Sst-IRES-Cre/wt;Ai32(RCL-ChR2(H134R)_EYFP)/wt
1061854986,1053941483,Sst-IRES-Cre/wt;Ai32(RCL-ChR2(H134R)_EYFP)/wt
1061855038,1053941483,Sst-IRES-Cre/wt;Ai32(RCL-ChR2(H134R)_EYFP)/wt
1061855251,1053941483,Sst-IRES-Cre/wt;Ai32(RCL-ChR2(H134R)_EYFP)/wt
1061855255,1053941483,Sst-IRES-Cre/wt;Ai32(RCL-ChR2(H134R)_EYFP)/wt
1061855254,1053941483,Sst-IRES-Cre/wt;Ai32(RCL-ChR2(H134R)_EYFP)/wt
1061855253,1053941483,Sst-IRES-Cre/wt;Ai32(RCL-ChR2(H134R)_EYFP)/wt
1061855256,1053941483,Sst-IRES-Cre/wt;Ai32(RCL-ChR2(H134R)_EYFP)/wt
1177236088,1052342277,Vip-IRES-Cre/wt;Ai32(RCL-ChR2(H134R)_EYFP)/wt
1177236182,1052342277,Vip-IRES-Cre/wt;Ai32(RCL-ChR2(H134R)_EYFP)/wt
1177236057,1052342277,Vip-IRES-Cre/wt;Ai32(RCL-ChR2(H134R)_EYFP)/wt
1177236736,1052342277,Vip-IRES-Cre/wt;Ai32(RCL-ChR2(H134R)_EYFP)/wt
1177237234,1052342277,Vip-IRES-Cre/wt;Ai32(RCL-ChR2(H134R)_EYFP)/wt
1177237237,1052342277,Vip-IRES-Cre/wt;Ai32(RCL-ChR2(H134R)_EYFP)/wt
1177237290,1052342277,Vip-IRES-Cre/wt;Ai32(RCL-ChR2(H134R)_EYFP)/wt
1054294228,1052533639,Vip-IRES-Cre/wt;Ai32(RCL-ChR2(H134R)_EYFP)/wt
1054294656,1052533639,Vip-IRES-Cre/wt;Ai32(RCL-ChR2(H134R)_EYFP)/wt
1054295297,1052533639,Vip-IRES-Cre/wt;Ai32(RCL-ChR2(H134R)_EYFP)/wt
1163274137,1053709239,Vip-IRES-Cre/wt;Ai32(RCL-ChR2(H134R)_EYFP)/wt
1163274389,1053709239,Vip-IRES-Cre/wt;Ai32(RCL-ChR2(H134R)_EYFP)/wt
1163275869,1053709239,Vip-IRES-Cre/wt;Ai32(RCL-ChR2(H134R)_EYFP)/wt
1060218844,1053925378,Vip-IRES-Cre/wt;Ai32(RCL-ChR2(H134R)_EYFP)/wt
1066209702,1064415305,Vip-IRES-Cre/wt;Ai32(RCL-ChR2(H134R)_EYFP)/wt
1066209705,1064415305,Vip-IRES-Cre/wt;Ai32(RCL-ChR2(H134R)_EYFP)/wt
1066216122,1064639378,Vip-IRES-Cre/wt;Ai32(RCL-ChR2(H134R)_EYFP)/wt
1068230211,1065437523,Sst-IRES-Cre/wt;Ai32(RCL-ChR2(H134R)_EYFP)/wt
1068230177,1065437523,Sst-IRES-Cre/wt;Ai32(RCL-ChR2(H134R)_EYFP)/wt
1068230155,1065437523,Sst-IRES-Cre/wt;Ai32(RCL-ChR2(H134R)_EYFP)/wt
1068230593,1065437523,Sst-IRES-Cre/wt;Ai32(RCL-ChR2(H134R)_EYFP)/wt
1068230513,1065437523,Sst-IRES-Cre/wt;Ai32(RCL-ChR2(H134R)_EYFP)/wt
1068230561,1065437523,Sst-IRES-Cre/wt;Ai32(RCL-ChR2(H134R)_EYFP)/wt
1068230582,1065437523,Sst-IRES-Cre/wt;Ai32(RCL-ChR2(H134R)_EYFP)/wt
1068230496,1065437523,Sst-IRES-Cre/wt;Ai32(RCL-ChR2(H134R)_EYFP)/wt
1068230575,1065437523,Sst-IRES-Cre/wt;Ai32(RCL-ChR2(H134R)_EYFP)/wt
1068230608,1065437523,Sst-IRES-Cre/wt;Ai32(RCL-ChR2(H134R)_EYFP)/wt
1068231105,1065437523,Sst-IRES-Cre/wt;Ai32(RCL-ChR2(H134R)_EYFP)/wt
1068231088,1065437523,Sst-IRES-Cre/wt;Ai32(RCL-ChR2(H134R)_EYFP)/wt
1068230984,1065437523,Sst-IRES-Cre/wt;Ai32(RCL-ChR2(H134R)_EYFP)/wt
1068231069,1065437523,Sst-IRES-Cre/wt;Ai32(RCL-ChR2(H134R)_EYFP)/wt
1068231512,1065437523,Sst-IRES-Cre/wt;Ai32(RCL-ChR2(H134R)_EYFP)/wt
1068231479,1065437523,Sst-IRES-Cre/wt;Ai32(RCL-ChR2(H134R)_EYFP)/wt
1068231625,1065437523,Sst-IRES-Cre/wt;Ai32(RCL-ChR2(H134R)_EYFP)/wt
1068231387,1065437523,Sst-IRES-Cre/wt;Ai32(RCL-ChR2(H134R)_EYFP)/wt
1068231384,1065437523,Sst-IRES-Cre/wt;Ai32(RCL-ChR2(H134R)_EYFP)/wt
1068231480,1065437523,Sst-IRES-Cre/wt;Ai32(RCL-ChR2(H134R)_EYFP)/wt
1068231859,1065437523,Sst-IRES-Cre/wt;Ai32(RCL-ChR2(H134R)_EYFP)/wt
1068231959,1065437523,Sst-IRES-Cre/wt;Ai32(RCL-ChR2(H134R)_EYFP)/wt
1068231935,1065437523,Sst-IRES-Cre/wt;Ai32(RCL-ChR2(H134R)_EYFP)/wt
1068232301,1065437523,Sst-IRES-Cre/wt;Ai32(RCL-ChR2(H134R)_EYFP)/wt
1068232266,1065437523,Sst-IRES-Cre/wt;Ai32(RCL-ChR2(H134R)_EYFP)/wt
1068232124,1065437523,Sst-IRES-Cre/wt;Ai32(RCL-ChR2(H134R)_EYFP)/wt
1068232255,1065437523,Sst-IRES-Cre/wt;Ai32(RCL-ChR2(H134R)_EYFP)/wt
1068232238,1065437523,Sst-IRES-Cre/wt;Ai32(RCL-ChR2(H134R)_EYFP)/wt
1068232197,1065437523,Sst-IRES-Cre/wt;Ai32(RCL-ChR2(H134R)_EYFP)/wt
1068232329,1065437523,Sst-IRES-Cre/wt;Ai32(RCL-ChR2(H134R)_EYFP)/wt
1068223402,1065905010,Sst-IRES-Cre/wt;Ai32(RCL-ChR2(H134R)_EYFP)/wt
1068223476,1065905010,Sst-IRES-Cre/wt;Ai32(RCL-ChR2(H134R)_EYFP)/wt
1068223482,1065905010,Sst-IRES-Cre/wt;Ai32(RCL-ChR2(H134R)_EYFP)/wt
1068223554,1065905010,Sst-IRES-Cre/wt;Ai32(RCL-ChR2(H134R)_EYFP)/wt
1068223360,1065905010,Sst-IRES-Cre/wt;Ai32(RCL-ChR2(H134R)_EYFP)/wt
1068223827,1065905010,Sst-IRES-Cre/wt;Ai32(RCL-ChR2(H134R)_EYFP)/wt
1068223760,1065905010,Sst-IRES-Cre/wt;Ai32(RCL-ChR2(H134R)_EYFP)/wt
1068223814,1065905010,Sst-IRES-Cre/wt;Ai32(RCL-ChR2(H134R)_EYFP)/wt
1068223721,1065905010,Sst-IRES-Cre/wt;Ai32(RCL-ChR2(H134R)_EYFP)/wt
1068224067,1065905010,Sst-IRES-Cre/wt;Ai32(RCL-ChR2(H134R)_EYFP)/wt
1068224100,1065905010,Sst-IRES-Cre/wt;Ai32(RCL-ChR2(H134R)_EYFP)/wt
1068224358,1065905010,Sst-IRES-Cre/wt;Ai32(RCL-ChR2(H134R)_EYFP)/wt
1068224378,1065905010,Sst-IRES-Cre/wt;Ai32(RCL-ChR2(H134R)_EYFP)/wt
1068224785,1065905010,Sst-IRES-Cre/wt;Ai32(RCL-ChR2(H134R)_EYFP)/wt
1068224858,1065905010,Sst-IRES-Cre/wt;Ai32(RCL-ChR2(H134R)_EYFP)/wt
1068224852,1065905010,Sst-IRES-Cre/wt;Ai32(RCL-ChR2(H134R)_EYFP)/wt
1068225166,1065905010,Sst-IRES-Cre/wt;Ai32(RCL-ChR2(H134R)_EYFP)/wt
1068225140,1065905010,Sst-IRES-Cre/wt;Ai32(RCL-ChR2(H134R)_EYFP)/wt
1066242346,1064400234,Sst-IRES-Cre/wt;Ai32(RCL-ChR2(H134R)_EYFP)/wt
1066242486,1064400234,Sst-IRES-Cre/wt;Ai32(RCL-ChR2(H134R)_EYFP)/wt
1066242394,1064400234,Sst-IRES-Cre/wt;Ai32(RCL-ChR2(H134R)_EYFP)/wt
1066242345,1064400234,Sst-IRES-Cre/wt;Ai32(RCL-ChR2(H134R)_EYFP)/wt
1066242767,1064400234,Sst-IRES-Cre/wt;Ai32(RCL-ChR2(H134R)_EYFP)/wt
1066242834,1064400234,Sst-IRES-Cre/wt;Ai32(RCL-ChR2(H134R)_EYFP)/wt
1066242708,1064400234,Sst-IRES-Cre/wt;Ai32(RCL-ChR2(H134R)_EYFP)/wt
1066243905,1064400234,Sst-IRES-Cre/wt;Ai32(RCL-ChR2(H134R)_EYFP)/wt
1066244187,1064400234,Sst-IRES-Cre/wt;Ai32(RCL-ChR2(H134R)_EYFP)/wt
1066255709,1064644573,Sst-IRES-Cre/wt;Ai32(RCL-ChR2(H134R)_EYFP)/wt
1066255663,1064644573,Sst-IRES-Cre/wt;Ai32(RCL-ChR2(H134R)_EYFP)/wt
1066255611,1064644573,Sst-IRES-Cre/wt;Ai32(RCL-ChR2(H134R)_EYFP)/wt
1066255723,1064644573,Sst-IRES-Cre/wt;Ai32(RCL-ChR2(H134R)_EYFP)/wt
1066255644,1064644573,Sst-IRES-Cre/wt;Ai32(RCL-ChR2(H134R)_EYFP)/wt
1066256089,1064644573,Sst-IRES-Cre/wt;Ai32(RCL-ChR2(H134R)_EYFP)/wt
1066256011,1064644573,Sst-IRES-Cre/wt;Ai32(RCL-ChR2(H134R)_EYFP)/wt
1066255994,1064644573,Sst-IRES-Cre/wt;Ai32(RCL-ChR2(H134R)_EYFP)/wt
1066256158,1064644573,Sst-IRES-Cre/wt;Ai32(RCL-ChR2(H134R)_EYFP)/wt
1066256084,1064644573,Sst-IRES-Cre/wt;Ai32(RCL-ChR2(H134R)_EYFP)/wt
1066256104,1064644573,Sst-IRES-Cre/wt;Ai32(RCL-ChR2(H134R)_EYFP)/wt
1066256065,1064644573,Sst-IRES-Cre/wt;Ai32(RCL-ChR2(H134R)_EYFP)/wt
1066256440,1064644573,Sst-IRES-Cre/wt;Ai32(RCL-ChR2(H134R)_EYFP)/wt
1066256395,1064644573,Sst-IRES-Cre/wt;Ai32(RCL-ChR2(H134R)_EYFP)/wt
1066256364,1064644573,Sst-IRES-Cre/wt;Ai32(RCL-ChR2(H134R)_EYFP)/wt
1066256227,1064644573,Sst-IRES-Cre/wt;Ai32(RCL-ChR2(H134R)_EYFP)/wt
1066256388,1064644573,Sst-IRES-Cre/wt;Ai32(RCL-ChR2(H134R)_EYFP)/wt
1066256772,1064644573,Sst-IRES-Cre/wt;Ai32(RCL-ChR2(H134R)_EYFP)/wt
1066256843,1064644573,Sst-IRES-Cre/wt;Ai32(RCL-ChR2(H134R)_EYFP)/wt
1066256848,1064644573,Sst-IRES-Cre/wt;Ai32(RCL-ChR2(H134R)_EYFP)/wt
1066257370,1064644573,Sst-IRES-Cre/wt;Ai32(RCL-ChR2(H134R)_EYFP)/wt
1066257251,1064644573,Sst-IRES-Cre/wt;Ai32(RCL-ChR2(H134R)_EYFP)/wt
1066257284,1064644573,Sst-IRES-Cre/wt;Ai32(RCL-ChR2(H134R)_EYFP)/wt
1066257636,1064644573,Sst-IRES-Cre/wt;Ai32(RCL-ChR2(H134R)_EYFP)/wt
1066257616,1064644573,Sst-IRES-Cre/wt;Ai32(RCL-ChR2(H134R)_EYFP)/wt
1066257618,1064644573,Sst-IRES-Cre/wt;Ai32(RCL-ChR2(H134R)_EYFP)/wt
1066257559,1064644573,Sst-IRES-Cre/wt;Ai32(RCL-ChR2(H134R)_EYFP)/wt
1094998082,1093642839,Vip-IRES-Cre/wt;Ai32(RCL-ChR2(H134R)_EYFP)/wt
1094997799,1093642839,Vip-IRES-Cre/wt;Ai32(RCL-ChR2(H134R)_EYFP)/wt
1094997847,1093642839,Vip-IRES-Cre/wt;Ai32(RCL-ChR2(H134R)_EYFP)/wt
1094998588,1093642839,Vip-IRES-Cre/wt;Ai32(RCL-ChR2(H134R)_EYFP)/wt
1094998706,1093642839,Vip-IRES-Cre/wt;Ai32(RCL-ChR2(H134R)_EYFP)/wt
1094999196,1093642839,Vip-IRES-Cre/wt;Ai32(RCL-ChR2(H134R)_EYFP)/wt
1094999374,1093642839,Vip-IRES-Cre/wt;Ai32(RCL-ChR2(H134R)_EYFP)/wt
1094999366,1093642839,Vip-IRES-Cre/wt;Ai32(RCL-ChR2(H134R)_EYFP)/wt
1094999296,1093642839,Vip-IRES-Cre/wt;Ai32(RCL-ChR2(H134R)_EYFP)/wt
1095011654,1093864136,Vip-IRES-Cre/wt;Ai32(RCL-ChR2(H134R)_EYFP)/wt
1097820860,1090803859,Vip-IRES-Cre/wt;Ai32(RCL-ChR2(H134R)_EYFP)/wt
1097820599,1090803859,Vip-IRES-Cre/wt;Ai32(RCL-ChR2(H134R)_EYFP)/wt
1097821272,1090803859,Vip-IRES-Cre/wt;Ai32(RCL-ChR2(H134R)_EYFP)/wt
1097821746,1090803859,Vip-IRES-Cre/wt;Ai32(RCL-ChR2(H134R)_EYFP)/wt
1097822119,1090803859,Vip-IRES-Cre/wt;Ai32(RCL-ChR2(H134R)_EYFP)/wt
1097822434,1090803859,Vip-IRES-Cre/wt;Ai32(RCL-ChR2(H134R)_EYFP)/wt
1097816879,1091039376,Vip-IRES-Cre/wt;Ai32(RCL-ChR2(H134R)_EYFP)/wt
1088112979,1086200042,Sst-IRES-Cre/wt;Ai32(RCL-ChR2(H134R)_EYFP)/wt
1088113141,1086200042,Sst-IRES-Cre/wt;Ai32(RCL-ChR2(H134R)_EYFP)/wt
1088113209,1086200042,Sst-IRES-Cre/wt;Ai32(RCL-ChR2(H134R)_EYFP)/wt
1088113182,1086200042,Sst-IRES-Cre/wt;Ai32(RCL-ChR2(H134R)_EYFP)/wt
1088113164,1086200042,Sst-IRES-Cre/wt;Ai32(RCL-ChR2(H134R)_EYFP)/wt
1088113227,1086200042,Sst-IRES-Cre/wt;Ai32(RCL-ChR2(H134R)_EYFP)/wt
1088113487,1086200042,Sst-IRES-Cre/wt;Ai32(RCL-ChR2(H134R)_EYFP)/wt
1088113599,1086200042,Sst-IRES-Cre/wt;Ai32(RCL-ChR2(H134R)_EYFP)/wt
1088113596,1086200042,Sst-IRES-Cre/wt;Ai32(RCL-ChR2(H134R)_EYFP)/wt
1088113513,1086200042,Sst-IRES-Cre/wt;Ai32(RCL-ChR2(H134R)_EYFP)/wt
1088113506,1086200042,Sst-IRES-Cre/wt;Ai32(RCL-ChR2(H134R)_EYFP)/wt
1088113819,1086200042,Sst-IRES-Cre/wt;Ai32(RCL-ChR2(H134R)_EYFP)/wt
1088113828,1086200042,Sst-IRES-Cre/wt;Ai32(RCL-ChR2(H134R)_EYFP)/wt
1088113877,1086200042,Sst-IRES-Cre/wt;Ai32(RCL-ChR2(H134R)_EYFP)/wt
1088113789,1086200042,Sst-IRES-Cre/wt;Ai32(RCL-ChR2(H134R)_EYFP)/wt
1088113693,1086200042,Sst-IRES-Cre/wt;Ai32(RCL-ChR2(H134R)_EYFP)/wt
1088113836,1086200042,Sst-IRES-Cre/wt;Ai32(RCL-ChR2(H134R)_EYFP)/wt
1088113731,1086200042,Sst-IRES-Cre/wt;Ai32(RCL-ChR2(H134R)_EYFP)/wt
1088114004,1086200042,Sst-IRES-Cre/wt;Ai32(RCL-ChR2(H134R)_EYFP)/wt
1088114100,1086200042,Sst-IRES-Cre/wt;Ai32(RCL-ChR2(H134R)_EYFP)/wt
1088114013,1086200042,Sst-IRES-Cre/wt;Ai32(RCL-ChR2(H134R)_EYFP)/wt
1088114072,1086200042,Sst-IRES-Cre/wt;Ai32(RCL-ChR2(H134R)_EYFP)/wt
1088114060,1086200042,Sst-IRES-Cre/wt;Ai32(RCL-ChR2(H134R)_EYFP)/wt
1088114058,1086200042,Sst-IRES-Cre/wt;Ai32(RCL-ChR2(H134R)_EYFP)/wt
1088114011,1086200042,Sst-IRES-Cre/wt;Ai32(RCL-ChR2(H134R)_EYFP)/wt
1088114353,1086200042,Sst-IRES-Cre/wt;Ai32(RCL-ChR2(H134R)_EYFP)/wt
1088114331,1086200042,Sst-IRES-Cre/wt;Ai32(RCL-ChR2(H134R)_EYFP)/wt
1088114369,1086200042,Sst-IRES-Cre/wt;Ai32(RCL-ChR2(H134R)_EYFP)/wt
1089416425,1086410738,Sst-IRES-Cre/wt;Ai32(RCL-ChR2(H134R)_EYFP)/wt
1089416439,1086410738,Sst-IRES-Cre/wt;Ai32(RCL-ChR2(H134R)_EYFP)/wt
1089416397,1086410738,Sst-IRES-Cre/wt;Ai32(RCL-ChR2(H134R)_EYFP)/wt
1089416365,1086410738,Sst-IRES-Cre/wt;Ai32(RCL-ChR2(H134R)_EYFP)/wt
1089416640,1086410738,Sst-IRES-Cre/wt;Ai32(RCL-ChR2(H134R)_EYFP)/wt
1089416785,1086410738,Sst-IRES-Cre/wt;Ai32(RCL-ChR2(H134R)_EYFP)/wt
1089416769,1086410738,Sst-IRES-Cre/wt;Ai32(RCL-ChR2(H134R)_EYFP)/wt
1089416774,1086410738,Sst-IRES-Cre/wt;Ai32(RCL-ChR2(H134R)_EYFP)/wt
1089417109,1086410738,Sst-IRES-Cre/wt;Ai32(RCL-ChR2(H134R)_EYFP)/wt
1089417227,1086410738,Sst-IRES-Cre/wt;Ai32(RCL-ChR2(H134R)_EYFP)/wt
1089417386,1086410738,Sst-IRES-Cre/wt;Ai32(RCL-ChR2(H134R)_EYFP)/wt
1089417458,1086410738,Sst-IRES-Cre/wt;Ai32(RCL-ChR2(H134R)_EYFP)/wt
1089417776,1086410738,Sst-IRES-Cre/wt;Ai32(RCL-ChR2(H134R)_EYFP)/wt
1089417681,1086410738,Sst-IRES-Cre/wt;Ai32(RCL-ChR2(H134R)_EYFP)/wt
1098215744,1090800639,Vip-IRES-Cre/wt;Ai32(RCL-ChR2(H134R)_EYFP)/wt
1098215817,1090800639,Vip-IRES-Cre/wt;Ai32(RCL-ChR2(H134R)_EYFP)/wt
1098215813,1090800639,Vip-IRES-Cre/wt;Ai32(RCL-ChR2(H134R)_EYFP)/wt
1098215818,1090800639,Vip-IRES-Cre/wt;Ai32(RCL-ChR2(H134R)_EYFP)/wt
1098215807,1090800639,Vip-IRES-Cre/wt;Ai32(RCL-ChR2(H134R)_EYFP)/wt
1098215926,1090800639,Vip-IRES-Cre/wt;Ai32(RCL-ChR2(H134R)_EYFP)/wt
1098216812,1090800639,Vip-IRES-Cre/wt;Ai32(RCL-ChR2(H134R)_EYFP)/wt
1098217094,1090800639,Vip-IRES-Cre/wt;Ai32(RCL-ChR2(H134R)_EYFP)/wt
1098217738,1090800639,Vip-IRES-Cre/wt;Ai32(RCL-ChR2(H134R)_EYFP)/wt
1098217855,1090800639,Vip-IRES-Cre/wt;Ai32(RCL-ChR2(H134R)_EYFP)/wt
1098222019,1091039902,Vip-IRES-Cre/wt;Ai32(RCL-ChR2(H134R)_EYFP)/wt
1098222784,1091039902,Vip-IRES-Cre/wt;Ai32(RCL-ChR2(H134R)_EYFP)/wt
1098223422,1091039902,Vip-IRES-Cre/wt;Ai32(RCL-ChR2(H134R)_EYFP)/wt
1089436264,1087720624,Sst-IRES-Cre/wt;Ai32(RCL-ChR2(H134R)_EYFP)/wt
1089436260,1087720624,Sst-IRES-Cre/wt;Ai32(RCL-ChR2(H134R)_EYFP)/wt
1089436202,1087720624,Sst-IRES-Cre/wt;Ai32(RCL-ChR2(H134R)_EYFP)/wt
1089436400,1087720624,Sst-IRES-Cre/wt;Ai32(RCL-ChR2(H134R)_EYFP)/wt
1089436377,1087720624,Sst-IRES-Cre/wt;Ai32(RCL-ChR2(H134R)_EYFP)/wt
1089436258,1087720624,Sst-IRES-Cre/wt;Ai32(RCL-ChR2(H134R)_EYFP)/wt
1089436322,1087720624,Sst-IRES-Cre/wt;Ai32(RCL-ChR2(H134R)_EYFP)/wt
1089436656,1087720624,Sst-IRES-Cre/wt;Ai32(RCL-ChR2(H134R)_EYFP)/wt
1089436613,1087720624,Sst-IRES-Cre/wt;Ai32(RCL-ChR2(H134R)_EYFP)/wt
1089436609,1087720624,Sst-IRES-Cre/wt;Ai32(RCL-ChR2(H134R)_EYFP)/wt
1089436615,1087720624,Sst-IRES-Cre/wt;Ai32(RCL-ChR2(H134R)_EYFP)/wt
1089437155,1087720624,Sst-IRES-Cre/wt;Ai32(RCL-ChR2(H134R)_EYFP)/wt
1089437218,1087720624,Sst-IRES-Cre/wt;Ai32(RCL-ChR2(H134R)_EYFP)/wt
1089437271,1087720624,Sst-IRES-Cre/wt;Ai32(RCL-ChR2(H134R)_EYFP)/wt
1089436964,1087720624,Sst-IRES-Cre/wt;Ai32(RCL-ChR2(H134R)_EYFP)/wt
1089437325,1087720624,Sst-IRES-Cre/wt;Ai32(RCL-ChR2(H134R)_EYFP)/wt
1089437118,1087720624,Sst-IRES-Cre/wt;Ai32(RCL-ChR2(H134R)_EYFP)/wt
1089436999,1087720624,Sst-IRES-Cre/wt;Ai32(RCL-ChR2(H134R)_EYFP)/wt
1089437212,1087720624,Sst-IRES-Cre/wt;Ai32(RCL-ChR2(H134R)_EYFP)/wt
1089437381,1087720624,Sst-IRES-Cre/wt;Ai32(RCL-ChR2(H134R)_EYFP)/wt
1089437311,1087720624,Sst-IRES-Cre/wt;Ai32(RCL-ChR2(H134R)_EYFP)/wt
1089437602,1087720624,Sst-IRES-Cre/wt;Ai32(RCL-ChR2(H134R)_EYFP)/wt
1089437735,1087720624,Sst-IRES-Cre/wt;Ai32(RCL-ChR2(H134R)_EYFP)/wt
1089438004,1087720624,Sst-IRES-Cre/wt;Ai32(RCL-ChR2(H134R)_EYFP)/wt
1089437917,1087720624,Sst-IRES-Cre/wt;Ai32(RCL-ChR2(H134R)_EYFP)/wt
1089437844,1087720624,Sst-IRES-Cre/wt;Ai32(RCL-ChR2(H134R)_EYFP)/wt
1089437645,1087720624,Sst-IRES-Cre/wt;Ai32(RCL-ChR2(H134R)_EYFP)/wt
1089437904,1087720624,Sst-IRES-Cre/wt;Ai32(RCL-ChR2(H134R)_EYFP)/wt
1089437909,1087720624,Sst-IRES-Cre/wt;Ai32(RCL-ChR2(H134R)_EYFP)/wt
1089437815,1087720624,Sst-IRES-Cre/wt;Ai32(RCL-ChR2(H134R)_EYFP)/wt
1089437742,1087720624,Sst-IRES-Cre/wt;Ai32(RCL-ChR2(H134R)_EYFP)/wt
1089437730,1087720624,Sst-IRES-Cre/wt;Ai32(RCL-ChR2(H134R)_EYFP)/wt
1089437648,1087720624,Sst-IRES-Cre/wt;Ai32(RCL-ChR2(H134R)_EYFP)/wt
1089437498,1087720624,Sst-IRES-Cre/wt;Ai32(RCL-ChR2(H134R)_EYFP)/wt
1089437779,1087720624,Sst-IRES-Cre/wt;Ai32(RCL-ChR2(H134R)_EYFP)/wt
1089437849,1087720624,Sst-IRES-Cre/wt;Ai32(RCL-ChR2(H134R)_EYFP)/wt
1089437727,1087720624,Sst-IRES-Cre/wt;Ai32(RCL-ChR2(H134R)_EYFP)/wt
1089437663,1087720624,Sst-IRES-Cre/wt;Ai32(RCL-ChR2(H134R)_EYFP)/wt
1089438351,1087720624,Sst-IRES-Cre/wt;Ai32(RCL-ChR2(H134R)_EYFP)/wt
1089438419,1087720624,Sst-IRES-Cre/wt;Ai32(RCL-ChR2(H134R)_EYFP)/wt
1089438414,1087720624,Sst-IRES-Cre/wt;Ai32(RCL-ChR2(H134R)_EYFP)/wt
1089438378,1087720624,Sst-IRES-Cre/wt;Ai32(RCL-ChR2(H134R)_EYFP)/wt
1089438372,1087720624,Sst-IRES-Cre/wt;Ai32(RCL-ChR2(H134R)_EYFP)/wt
1089438464,1087720624,Sst-IRES-Cre/wt;Ai32(RCL-ChR2(H134R)_EYFP)/wt
1089438393,1087720624,Sst-IRES-Cre/wt;Ai32(RCL-ChR2(H134R)_EYFP)/wt
1089438239,1087720624,Sst-IRES-Cre/wt;Ai32(RCL-ChR2(H134R)_EYFP)/wt
1089438430,1087720624,Sst-IRES-Cre/wt;Ai32(RCL-ChR2(H134R)_EYFP)/wt
1089438038,1087720624,Sst-IRES-Cre/wt;Ai32(RCL-ChR2(H134R)_EYFP)/wt
1089438349,1087720624,Sst-IRES-Cre/wt;Ai32(RCL-ChR2(H134R)_EYFP)/wt
1089438335,1087720624,Sst-IRES-Cre/wt;Ai32(RCL-ChR2(H134R)_EYFP)/wt
1089438397,1087720624,Sst-IRES-Cre/wt;Ai32(RCL-ChR2(H134R)_EYFP)/wt
1089438226,1087720624,Sst-IRES-Cre/wt;Ai32(RCL-ChR2(H134R)_EYFP)/wt
1089438222,1087720624,Sst-IRES-Cre/wt;Ai32(RCL-ChR2(H134R)_EYFP)/wt
1089441514,1087992708,Sst-IRES-Cre/wt;Ai32(RCL-ChR2(H134R)_EYFP)/wt
1089441532,1087992708,Sst-IRES-Cre/wt;Ai32(RCL-ChR2(H134R)_EYFP)/wt
1089441518,1087992708,Sst-IRES-Cre/wt;Ai32(RCL-ChR2(H134R)_EYFP)/wt
1089441406,1087992708,Sst-IRES-Cre/wt;Ai32(RCL-ChR2(H134R)_EYFP)/wt
1089441404,1087992708,Sst-IRES-Cre/wt;Ai32(RCL-ChR2(H134R)_EYFP)/wt
1089441416,1087992708,Sst-IRES-Cre/wt;Ai32(RCL-ChR2(H134R)_EYFP)/wt
1089441414,1087992708,Sst-IRES-Cre/wt;Ai32(RCL-ChR2(H134R)_EYFP)/wt
1089442006,1087992708,Sst-IRES-Cre/wt;Ai32(RCL-ChR2(H134R)_EYFP)/wt
1089442015,1087992708,Sst-IRES-Cre/wt;Ai32(RCL-ChR2(H134R)_EYFP)/wt
1089441935,1087992708,Sst-IRES-Cre/wt;Ai32(RCL-ChR2(H134R)_EYFP)/wt
1089441936,1087992708,Sst-IRES-Cre/wt;Ai32(RCL-ChR2(H134R)_EYFP)/wt
1089441962,1087992708,Sst-IRES-Cre/wt;Ai32(RCL-ChR2(H134R)_EYFP)/wt
1089441886,1087992708,Sst-IRES-Cre/wt;Ai32(RCL-ChR2(H134R)_EYFP)/wt
1089442012,1087992708,Sst-IRES-Cre/wt;Ai32(RCL-ChR2(H134R)_EYFP)/wt
1089442079,1087992708,Sst-IRES-Cre/wt;Ai32(RCL-ChR2(H134R)_EYFP)/wt
1089442437,1087992708,Sst-IRES-Cre/wt;Ai32(RCL-ChR2(H134R)_EYFP)/wt
1089442620,1087992708,Sst-IRES-Cre/wt;Ai32(RCL-ChR2(H134R)_EYFP)/wt
1089442388,1087992708,Sst-IRES-Cre/wt;Ai32(RCL-ChR2(H134R)_EYFP)/wt
1089442433,1087992708,Sst-IRES-Cre/wt;Ai32(RCL-ChR2(H134R)_EYFP)/wt
1089442439,1087992708,Sst-IRES-Cre/wt;Ai32(RCL-ChR2(H134R)_EYFP)/wt
1089442888,1087992708,Sst-IRES-Cre/wt;Ai32(RCL-ChR2(H134R)_EYFP)/wt
1089442820,1087992708,Sst-IRES-Cre/wt;Ai32(RCL-ChR2(H134R)_EYFP)/wt
1089442889,1087992708,Sst-IRES-Cre/wt;Ai32(RCL-ChR2(H134R)_EYFP)/wt
1089442874,1087992708,Sst-IRES-Cre/wt;Ai32(RCL-ChR2(H134R)_EYFP)/wt
1089443023,1087992708,Sst-IRES-Cre/wt;Ai32(RCL-ChR2(H134R)_EYFP)/wt
1089443005,1087992708,Sst-IRES-Cre/wt;Ai32(RCL-ChR2(H134R)_EYFP)/wt
1089443672,1087992708,Sst-IRES-Cre/wt;Ai32(RCL-ChR2(H134R)_EYFP)/wt
1089443542,1087992708,Sst-IRES-Cre/wt;Ai32(RCL-ChR2(H134R)_EYFP)/wt
1089443645,1087992708,Sst-IRES-Cre/wt;Ai32(RCL-ChR2(H134R)_EYFP)/wt
1089443587,1087992708,Sst-IRES-Cre/wt;Ai32(RCL-ChR2(H134R)_EYFP)/wt
1089443544,1087992708,Sst-IRES-Cre/wt;Ai32(RCL-ChR2(H134R)_EYFP)/wt
1089443602,1087992708,Sst-IRES-Cre/wt;Ai32(RCL-ChR2(H134R)_EYFP)/wt
1089443407,1087992708,Sst-IRES-Cre/wt;Ai32(RCL-ChR2(H134R)_EYFP)/wt
1089443266,1087992708,Sst-IRES-Cre/wt;Ai32(RCL-ChR2(H134R)_EYFP)/wt
1089443541,1087992708,Sst-IRES-Cre/wt;Ai32(RCL-ChR2(H134R)_EYFP)/wt
1089443656,1087992708,Sst-IRES-Cre/wt;Ai32(RCL-ChR2(H134R)_EYFP)/wt
1089443404,1087992708,Sst-IRES-Cre/wt;Ai32(RCL-ChR2(H134R)_EYFP)/wt
1089443392,1087992708,Sst-IRES-Cre/wt;Ai32(RCL-ChR2(H134R)_EYFP)/wt
1089443616,1087992708,Sst-IRES-Cre/wt;Ai32(RCL-ChR2(H134R)_EYFP)/wt
1089443507,1087992708,Sst-IRES-Cre/wt;Ai32(RCL-ChR2(H134R)_EYFP)/wt
1089443505,1087992708,Sst-IRES-Cre/wt;Ai32(RCL-ChR2(H134R)_EYFP)/wt
1089443484,1087992708,Sst-IRES-Cre/wt;Ai32(RCL-ChR2(H134R)_EYFP)/wt
1089444094,1087992708,Sst-IRES-Cre/wt;Ai32(RCL-ChR2(H134R)_EYFP)/wt
1089444098,1087992708,Sst-IRES-Cre/wt;Ai32(RCL-ChR2(H134R)_EYFP)/wt
1090902212,1089296550,Sst-IRES-Cre/wt;Ai32(RCL-ChR2(H134R)_EYFP)/wt
1090902200,1089296550,Sst-IRES-Cre/wt;Ai32(RCL-ChR2(H134R)_EYFP)/wt
1090902103,1089296550,Sst-IRES-Cre/wt;Ai32(RCL-ChR2(H134R)_EYFP)/wt
1090902299,1089296550,Sst-IRES-Cre/wt;Ai32(RCL-ChR2(H134R)_EYFP)/wt
1090902186,1089296550,Sst-IRES-Cre/wt;Ai32(RCL-ChR2(H134R)_EYFP)/wt
1090902184,1089296550,Sst-IRES-Cre/wt;Ai32(RCL-ChR2(H134R)_EYFP)/wt
1090902337,1089296550,Sst-IRES-Cre/wt;Ai32(RCL-ChR2(H134R)_EYFP)/wt
1090902749,1089296550,Sst-IRES-Cre/wt;Ai32(RCL-ChR2(H134R)_EYFP)/wt
1090903072,1089296550,Sst-IRES-Cre/wt;Ai32(RCL-ChR2(H134R)_EYFP)/wt
1090903060,1089296550,Sst-IRES-Cre/wt;Ai32(RCL-ChR2(H134R)_EYFP)/wt
1090903130,1089296550,Sst-IRES-Cre/wt;Ai32(RCL-ChR2(H134R)_EYFP)/wt
1090903123,1089296550,Sst-IRES-Cre/wt;Ai32(RCL-ChR2(H134R)_EYFP)/wt
1090903340,1089296550,Sst-IRES-Cre/wt;Ai32(RCL-ChR2(H134R)_EYFP)/wt
1090903586,1089296550,Sst-IRES-Cre/wt;Ai32(RCL-ChR2(H134R)_EYFP)/wt
1090903752,1089296550,Sst-IRES-Cre/wt;Ai32(RCL-ChR2(H134R)_EYFP)/wt
1090903421,1089296550,Sst-IRES-Cre/wt;Ai32(RCL-ChR2(H134R)_EYFP)/wt
1090903419,1089296550,Sst-IRES-Cre/wt;Ai32(RCL-ChR2(H134R)_EYFP)/wt
1090903596,1089296550,Sst-IRES-Cre/wt;Ai32(RCL-ChR2(H134R)_EYFP)/wt
1090903668,1089296550,Sst-IRES-Cre/wt;Ai32(RCL-ChR2(H134R)_EYFP)/wt
1090903667,1089296550,Sst-IRES-Cre/wt;Ai32(RCL-ChR2(H134R)_EYFP)/wt
1090903577,1089296550,Sst-IRES-Cre/wt;Ai32(RCL-ChR2(H134R)_EYFP)/wt
1090903638,1089296550,Sst-IRES-Cre/wt;Ai32(RCL-ChR2(H134R)_EYFP)/wt
1090903681,1089296550,Sst-IRES-Cre/wt;Ai32(RCL-ChR2(H134R)_EYFP)/wt
1090903620,1089296550,Sst-IRES-Cre/wt;Ai32(RCL-ChR2(H134R)_EYFP)/wt
1090903609,1089296550,Sst-IRES-Cre/wt;Ai32(RCL-ChR2(H134R)_EYFP)/wt
1090903634,1089296550,Sst-IRES-Cre/wt;Ai32(RCL-ChR2(H134R)_EYFP)/wt
1090903633,1089296550,Sst-IRES-Cre/wt;Ai32(RCL-ChR2(H134R)_EYFP)/wt
1090903715,1089296550,Sst-IRES-Cre/wt;Ai32(RCL-ChR2(H134R)_EYFP)/wt
1090904310,1089296550,Sst-IRES-Cre/wt;Ai32(RCL-ChR2(H134R)_EYFP)/wt
1090904329,1089296550,Sst-IRES-Cre/wt;Ai32(RCL-ChR2(H134R)_EYFP)/wt
1090904328,1089296550,Sst-IRES-Cre/wt;Ai32(RCL-ChR2(H134R)_EYFP)/wt
1090904312,1089296550,Sst-IRES-Cre/wt;Ai32(RCL-ChR2(H134R)_EYFP)/wt
1090904333,1089296550,Sst-IRES-Cre/wt;Ai32(RCL-ChR2(H134R)_EYFP)/wt
1090904332,1089296550,Sst-IRES-Cre/wt;Ai32(RCL-ChR2(H134R)_EYFP)/wt
1090904416,1089296550,Sst-IRES-Cre/wt;Ai32(RCL-ChR2(H134R)_EYFP)/wt
1090904198,1089296550,Sst-IRES-Cre/wt;Ai32(RCL-ChR2(H134R)_EYFP)/wt
1090904352,1089296550,Sst-IRES-Cre/wt;Ai32(RCL-ChR2(H134R)_EYFP)/wt
1090904191,1089296550,Sst-IRES-Cre/wt;Ai32(RCL-ChR2(H134R)_EYFP)/wt
1090904263,1089296550,Sst-IRES-Cre/wt;Ai32(RCL-ChR2(H134R)_EYFP)/wt
1090904420,1089296550,Sst-IRES-Cre/wt;Ai32(RCL-ChR2(H134R)_EYFP)/wt
1090904728,1089296550,Sst-IRES-Cre/wt;Ai32(RCL-ChR2(H134R)_EYFP)/wt
1090904720,1089296550,Sst-IRES-Cre/wt;Ai32(RCL-ChR2(H134R)_EYFP)/wt
1090904751,1089296550,Sst-IRES-Cre/wt;Ai32(RCL-ChR2(H134R)_EYFP)/wt
1090904875,1089296550,Sst-IRES-Cre/wt;Ai32(RCL-ChR2(H134R)_EYFP)/wt
1100918341,1095138995,Sst-IRES-Cre/wt;Ai32(RCL-ChR2(H134R)_EYFP)/wt
1100918447,1095138995,Sst-IRES-Cre/wt;Ai32(RCL-ChR2(H134R)_EYFP)/wt
1100918480,1095138995,Sst-IRES-Cre/wt;Ai32(RCL-ChR2(H134R)_EYFP)/wt
1100918411,1095138995,Sst-IRES-Cre/wt;Ai32(RCL-ChR2(H134R)_EYFP)/wt
1100918350,1095138995,Sst-IRES-Cre/wt;Ai32(RCL-ChR2(H134R)_EYFP)/wt
1100918503,1095138995,Sst-IRES-Cre/wt;Ai32(RCL-ChR2(H134R)_EYFP)/wt
1100918522,1095138995,Sst-IRES-Cre/wt;Ai32(RCL-ChR2(H134R)_EYFP)/wt
1100918445,1095138995,Sst-IRES-Cre/wt;Ai32(RCL-ChR2(H134R)_EYFP)/wt
1100918291,1095138995,Sst-IRES-Cre/wt;Ai32(RCL-ChR2(H134R)_EYFP)/wt
1100918314,1095138995,Sst-IRES-Cre/wt;Ai32(RCL-ChR2(H134R)_EYFP)/wt
1100918280,1095138995,Sst-IRES-Cre/wt;Ai32(RCL-ChR2(H134R)_EYFP)/wt
1100918898,1095138995,Sst-IRES-Cre/wt;Ai32(RCL-ChR2(H134R)_EYFP)/wt
1100918811,1095138995,Sst-IRES-Cre/wt;Ai32(RCL-ChR2(H134R)_EYFP)/wt
1100918915,1095138995,Sst-IRES-Cre/wt;Ai32(RCL-ChR2(H134R)_EYFP)/wt
1100918883,1095138995,Sst-IRES-Cre/wt;Ai32(RCL-ChR2(H134R)_EYFP)/wt
1100918936,1095138995,Sst-IRES-Cre/wt;Ai32(RCL-ChR2(H134R)_EYFP)/wt
1100918961,1095138995,Sst-IRES-Cre/wt;Ai32(RCL-ChR2(H134R)_EYFP)/wt
1100919272,1095138995,Sst-IRES-Cre/wt;Ai32(RCL-ChR2(H134R)_EYFP)/wt
1100919259,1095138995,Sst-IRES-Cre/wt;Ai32(RCL-ChR2(H134R)_EYFP)/wt
1100919327,1095138995,Sst-IRES-Cre/wt;Ai32(RCL-ChR2(H134R)_EYFP)/wt
1100919242,1095138995,Sst-IRES-Cre/wt;Ai32(RCL-ChR2(H134R)_EYFP)/wt
1100919482,1095138995,Sst-IRES-Cre/wt;Ai32(RCL-ChR2(H134R)_EYFP)/wt
1100919734,1095138995,Sst-IRES-Cre/wt;Ai32(RCL-ChR2(H134R)_EYFP)/wt
1100920116,1095138995,Sst-IRES-Cre/wt;Ai32(RCL-ChR2(H134R)_EYFP)/wt
1100920077,1095138995,Sst-IRES-Cre/wt;Ai32(RCL-ChR2(H134R)_EYFP)/wt
1100920027,1095138995,Sst-IRES-Cre/wt;Ai32(RCL-ChR2(H134R)_EYFP)/wt
1100920018,1095138995,Sst-IRES-Cre/wt;Ai32(RCL-ChR2(H134R)_EYFP)/wt
1100920045,1095138995,Sst-IRES-Cre/wt;Ai32(RCL-ChR2(H134R)_EYFP)/wt
1100920087,1095138995,Sst-IRES-Cre/wt;Ai32(RCL-ChR2(H134R)_EYFP)/wt
1100920060,1095138995,Sst-IRES-Cre/wt;Ai32(RCL-ChR2(H134R)_EYFP)/wt
1100920074,1095138995,Sst-IRES-Cre/wt;Ai32(RCL-ChR2(H134R)_EYFP)/wt
1100920047,1095138995,Sst-IRES-Cre/wt;Ai32(RCL-ChR2(H134R)_EYFP)/wt
1100920516,1095138995,Sst-IRES-Cre/wt;Ai32(RCL-ChR2(H134R)_EYFP)/wt
1100920466,1095138995,Sst-IRES-Cre/wt;Ai32(RCL-ChR2(H134R)_EYFP)/wt
1100920409,1095138995,Sst-IRES-Cre/wt;Ai32(RCL-ChR2(H134R)_EYFP)/wt
1100920374,1095138995,Sst-IRES-Cre/wt;Ai32(RCL-ChR2(H134R)_EYFP)/wt
1100898017,1095340643,Sst-IRES-Cre/wt;Ai32(RCL-ChR2(H134R)_EYFP)/wt
1100898027,1095340643,Sst-IRES-Cre/wt;Ai32(RCL-ChR2(H134R)_EYFP)/wt
1100898165,1095340643,Sst-IRES-Cre/wt;Ai32(RCL-ChR2(H134R)_EYFP)/wt
1100898065,1095340643,Sst-IRES-Cre/wt;Ai32(RCL-ChR2(H134R)_EYFP)/wt
1100898469,1095340643,Sst-IRES-Cre/wt;Ai32(RCL-ChR2(H134R)_EYFP)/wt
1100898471,1095340643,Sst-IRES-Cre/wt;Ai32(RCL-ChR2(H134R)_EYFP)/wt
1100898473,1095340643,Sst-IRES-Cre/wt;Ai32(RCL-ChR2(H134R)_EYFP)/wt
1100898477,1095340643,Sst-IRES-Cre/wt;Ai32(RCL-ChR2(H134R)_EYFP)/wt
1100898783,1095340643,Sst-IRES-Cre/wt;Ai32(RCL-ChR2(H134R)_EYFP)/wt
1100898775,1095340643,Sst-IRES-Cre/wt;Ai32(RCL-ChR2(H134R)_EYFP)/wt
1100899183,1095340643,Sst-IRES-Cre/wt;Ai32(RCL-ChR2(H134R)_EYFP)/wt
1100899121,1095340643,Sst-IRES-Cre/wt;Ai32(RCL-ChR2(H134R)_EYFP)/wt
1100899283,1095340643,Sst-IRES-Cre/wt;Ai32(RCL-ChR2(H134R)_EYFP)/wt
1100899196,1095340643,Sst-IRES-Cre/wt;Ai32(RCL-ChR2(H134R)_EYFP)/wt
1100899173,1095340643,Sst-IRES-Cre/wt;Ai32(RCL-ChR2(H134R)_EYFP)/wt
1100899155,1095340643,Sst-IRES-Cre/wt;Ai32(RCL-ChR2(H134R)_EYFP)/wt
1100899131,1095340643,Sst-IRES-Cre/wt;Ai32(RCL-ChR2(H134R)_EYFP)/wt
1100899176,1095340643,Sst-IRES-Cre/wt;Ai32(RCL-ChR2(H134R)_EYFP)/wt
1100899472,1095340643,Sst-IRES-Cre/wt;Ai32(RCL-ChR2(H134R)_EYFP)/wt
1100899406,1095340643,Sst-IRES-Cre/wt;Ai32(RCL-ChR2(H134R)_EYFP)/wt
1100899728,1095340643,Sst-IRES-Cre/wt;Ai32(RCL-ChR2(H134R)_EYFP)/wt
1100899668,1095340643,Sst-IRES-Cre/wt;Ai32(RCL-ChR2(H134R)_EYFP)/wt
1094991889,1093638203,Sst-IRES-Cre/wt;Ai32(RCL-ChR2(H134R)_EYFP)/wt
1094991869,1093638203,Sst-IRES-Cre/wt;Ai32(RCL-ChR2(H134R)_EYFP)/wt
1094991835,1093638203,Sst-IRES-Cre/wt;Ai32(RCL-ChR2(H134R)_EYFP)/wt
1094991895,1093638203,Sst-IRES-Cre/wt;Ai32(RCL-ChR2(H134R)_EYFP)/wt
1094991843,1093638203,Sst-IRES-Cre/wt;Ai32(RCL-ChR2(H134R)_EYFP)/wt
1094992447,1093638203,Sst-IRES-Cre/wt;Ai32(RCL-ChR2(H134R)_EYFP)/wt
1094992338,1093638203,Sst-IRES-Cre/wt;Ai32(RCL-ChR2(H134R)_EYFP)/wt
1094992372,1093638203,Sst-IRES-Cre/wt;Ai32(RCL-ChR2(H134R)_EYFP)/wt
1094992858,1093638203,Sst-IRES-Cre/wt;Ai32(RCL-ChR2(H134R)_EYFP)/wt
1094992963,1093638203,Sst-IRES-Cre/wt;Ai32(RCL-ChR2(H134R)_EYFP)/wt
1094992806,1093638203,Sst-IRES-Cre/wt;Ai32(RCL-ChR2(H134R)_EYFP)/wt
1094992850,1093638203,Sst-IRES-Cre/wt;Ai32(RCL-ChR2(H134R)_EYFP)/wt
1094992922,1093638203,Sst-IRES-Cre/wt;Ai32(RCL-ChR2(H134R)_EYFP)/wt
1094992971,1093638203,Sst-IRES-Cre/wt;Ai32(RCL-ChR2(H134R)_EYFP)/wt
1094992867,1093638203,Sst-IRES-Cre/wt;Ai32(RCL-ChR2(H134R)_EYFP)/wt
1094992926,1093638203,Sst-IRES-Cre/wt;Ai32(RCL-ChR2(H134R)_EYFP)/wt
1094992862,1093638203,Sst-IRES-Cre/wt;Ai32(RCL-ChR2(H134R)_EYFP)/wt
1094992873,1093638203,Sst-IRES-Cre/wt;Ai32(RCL-ChR2(H134R)_EYFP)/wt
1094993427,1093638203,Sst-IRES-Cre/wt;Ai32(RCL-ChR2(H134R)_EYFP)/wt
1094993577,1093638203,Sst-IRES-Cre/wt;Ai32(RCL-ChR2(H134R)_EYFP)/wt
1094993555,1093638203,Sst-IRES-Cre/wt;Ai32(RCL-ChR2(H134R)_EYFP)/wt
1094993519,1093638203,Sst-IRES-Cre/wt;Ai32(RCL-ChR2(H134R)_EYFP)/wt
1094993421,1093638203,Sst-IRES-Cre/wt;Ai32(RCL-ChR2(H134R)_EYFP)/wt
1094993382,1093638203,Sst-IRES-Cre/wt;Ai32(RCL-ChR2(H134R)_EYFP)/wt
1094993521,1093638203,Sst-IRES-Cre/wt;Ai32(RCL-ChR2(H134R)_EYFP)/wt
1094993548,1093638203,Sst-IRES-Cre/wt;Ai32(RCL-ChR2(H134R)_EYFP)/wt
1094993402,1093638203,Sst-IRES-Cre/wt;Ai32(RCL-ChR2(H134R)_EYFP)/wt
1094994164,1093638203,Sst-IRES-Cre/wt;Ai32(RCL-ChR2(H134R)_EYFP)/wt
1094994012,1093638203,Sst-IRES-Cre/wt;Ai32(RCL-ChR2(H134R)_EYFP)/wt
1094994072,1093638203,Sst-IRES-Cre/wt;Ai32(RCL-ChR2(H134R)_EYFP)/wt
1094994192,1093638203,Sst-IRES-Cre/wt;Ai32(RCL-ChR2(H134R)_EYFP)/wt
1094994454,1093638203,Sst-IRES-Cre/wt;Ai32(RCL-ChR2(H134R)_EYFP)/wt
1094994651,1093638203,Sst-IRES-Cre/wt;Ai32(RCL-ChR2(H134R)_EYFP)/wt
1094994489,1093638203,Sst-IRES-Cre/wt;Ai32(RCL-ChR2(H134R)_EYFP)/wt
1094994449,1093638203,Sst-IRES-Cre/wt;Ai32(RCL-ChR2(H134R)_EYFP)/wt
1094994465,1093638203,Sst-IRES-Cre/wt;Ai32(RCL-ChR2(H134R)_EYFP)/wt
1094994440,1093638203,Sst-IRES-Cre/wt;Ai32(RCL-ChR2(H134R)_EYFP)/wt
1094994548,1093638203,Sst-IRES-Cre/wt;Ai32(RCL-ChR2(H134R)_EYFP)/wt
1094994509,1093638203,Sst-IRES-Cre/wt;Ai32(RCL-ChR2(H134R)_EYFP)/wt
1094994493,1093638203,Sst-IRES-Cre/wt;Ai32(RCL-ChR2(H134R)_EYFP)/wt
1094994452,1093638203,Sst-IRES-Cre/wt;Ai32(RCL-ChR2(H134R)_EYFP)/wt
1094994487,1093638203,Sst-IRES-Cre/wt;Ai32(RCL-ChR2(H134R)_EYFP)/wt
1094994348,1093638203,Sst-IRES-Cre/wt;Ai32(RCL-ChR2(H134R)_EYFP)/wt
1094994642,1093638203,Sst-IRES-Cre/wt;Ai32(RCL-ChR2(H134R)_EYFP)/wt
1094994448,1093638203,Sst-IRES-Cre/wt;Ai32(RCL-ChR2(H134R)_EYFP)/wt
1095005748,1093867806,Sst-IRES-Cre/wt;Ai32(RCL-ChR2(H134R)_EYFP)/wt
1095006170,1093867806,Sst-IRES-Cre/wt;Ai32(RCL-ChR2(H134R)_EYFP)/wt
1095005968,1093867806,Sst-IRES-Cre/wt;Ai32(RCL-ChR2(H134R)_EYFP)/wt
1095006225,1093867806,Sst-IRES-Cre/wt;Ai32(RCL-ChR2(H134R)_EYFP)/wt
1095006168,1093867806,Sst-IRES-Cre/wt;Ai32(RCL-ChR2(H134R)_EYFP)/wt
1095006075,1093867806,Sst-IRES-Cre/wt;Ai32(RCL-ChR2(H134R)_EYFP)/wt
1095006248,1093867806,Sst-IRES-Cre/wt;Ai32(RCL-ChR2(H134R)_EYFP)/wt
1095006175,1093867806,Sst-IRES-Cre/wt;Ai32(RCL-ChR2(H134R)_EYFP)/wt
1095006242,1093867806,Sst-IRES-Cre/wt;Ai32(RCL-ChR2(H134R)_EYFP)/wt
1095006163,1093867806,Sst-IRES-Cre/wt;Ai32(RCL-ChR2(H134R)_EYFP)/wt
1095006162,1093867806,Sst-IRES-Cre/wt;Ai32(RCL-ChR2(H134R)_EYFP)/wt
1095006389,1093867806,Sst-IRES-Cre/wt;Ai32(RCL-ChR2(H134R)_EYFP)/wt
1095006416,1093867806,Sst-IRES-Cre/wt;Ai32(RCL-ChR2(H134R)_EYFP)/wt
1095006420,1093867806,Sst-IRES-Cre/wt;Ai32(RCL-ChR2(H134R)_EYFP)/wt
1095006418,1093867806,Sst-IRES-Cre/wt;Ai32(RCL-ChR2(H134R)_EYFP)/wt
1095006366,1093867806,Sst-IRES-Cre/wt;Ai32(RCL-ChR2(H134R)_EYFP)/wt
1095006439,1093867806,Sst-IRES-Cre/wt;Ai32(RCL-ChR2(H134R)_EYFP)/wt
1095006718,1093867806,Sst-IRES-Cre/wt;Ai32(RCL-ChR2(H134R)_EYFP)/wt
1095006794,1093867806,Sst-IRES-Cre/wt;Ai32(RCL-ChR2(H134R)_EYFP)/wt
1095006814,1093867806,Sst-IRES-Cre/wt;Ai32(RCL-ChR2(H134R)_EYFP)/wt
1095006788,1093867806,Sst-IRES-Cre/wt;Ai32(RCL-ChR2(H134R)_EYFP)/wt
1095007059,1093867806,Sst-IRES-Cre/wt;Ai32(RCL-ChR2(H134R)_EYFP)/wt
1095007037,1093867806,Sst-IRES-Cre/wt;Ai32(RCL-ChR2(H134R)_EYFP)/wt
1095007050,1093867806,Sst-IRES-Cre/wt;Ai32(RCL-ChR2(H134R)_EYFP)/wt
1095007057,1093867806,Sst-IRES-Cre/wt;Ai32(RCL-ChR2(H134R)_EYFP)/wt
1095007115,1093867806,Sst-IRES-Cre/wt;Ai32(RCL-ChR2(H134R)_EYFP)/wt
1095007449,1093867806,Sst-IRES-Cre/wt;Ai32(RCL-ChR2(H134R)_EYFP)/wt
1095007378,1093867806,Sst-IRES-Cre/wt;Ai32(RCL-ChR2(H134R)_EYFP)/wt
1095007351,1093867806,Sst-IRES-Cre/wt;Ai32(RCL-ChR2(H134R)_EYFP)/wt
1095007307,1093867806,Sst-IRES-Cre/wt;Ai32(RCL-ChR2(H134R)_EYFP)/wt
1095007343,1093867806,Sst-IRES-Cre/wt;Ai32(RCL-ChR2(H134R)_EYFP)/wt
1100931125,1096620314,Vip-IRES-Cre/wt;Ai32(RCL-ChR2(H134R)_EYFP)/wt
1100931379,1096620314,Vip-IRES-Cre/wt;Ai32(RCL-ChR2(H134R)_EYFP)/wt
1100931646,1096620314,Vip-IRES-Cre/wt;Ai32(RCL-ChR2(H134R)_EYFP)/wt
1100932001,1096620314,Vip-IRES-Cre/wt;Ai32(RCL-ChR2(H134R)_EYFP)/wt
1100932164,1096620314,Vip-IRES-Cre/wt;Ai32(RCL-ChR2(H134R)_EYFP)/wt
1100932157,1096620314,Vip-IRES-Cre/wt;Ai32(RCL-ChR2(H134R)_EYFP)/wt
1100932588,1096620314,Vip-IRES-Cre/wt;Ai32(RCL-ChR2(H134R)_EYFP)/wt
1100933351,1096620314,Vip-IRES-Cre/wt;Ai32(RCL-ChR2(H134R)_EYFP)/wt
1100939820,1096935816,Vip-IRES-Cre/wt;Ai32(RCL-ChR2(H134R)_EYFP)/wt
1100940490,1096935816,Vip-IRES-Cre/wt;Ai32(RCL-ChR2(H134R)_EYFP)/wt
1100940470,1096935816,Vip-IRES-Cre/wt;Ai32(RCL-ChR2(H134R)_EYFP)/wt
1100941093,1096935816,Vip-IRES-Cre/wt;Ai32(RCL-ChR2(H134R)_EYFP)/wt
1093307499,1092283837,Vip-IRES-Cre/wt;Ai32(RCL-ChR2(H134R)_EYFP)/wt
1093307504,1092283837,Vip-IRES-Cre/wt;Ai32(RCL-ChR2(H134R)_EYFP)/wt
1093308891,1092283837,Vip-IRES-Cre/wt;Ai32(RCL-ChR2(H134R)_EYFP)/wt
1093301519,1092466205,Vip-IRES-Cre/wt;Ai32(RCL-ChR2(H134R)_EYFP)/wt
1093302322,1092466205,Vip-IRES-Cre/wt;Ai32(RCL-ChR2(H134R)_EYFP)/wt
1093302490,1092466205,Vip-IRES-Cre/wt;Ai32(RCL-ChR2(H134R)_EYFP)/wt
1093303193,1092466205,Vip-IRES-Cre/wt;Ai32(RCL-ChR2(H134R)_EYFP)/wt
1093303063,1092466205,Vip-IRES-Cre/wt;Ai32(RCL-ChR2(H134R)_EYFP)/wt
1093303387,1092466205,Vip-IRES-Cre/wt;Ai32(RCL-ChR2(H134R)_EYFP)/wt
1100924453,1098119201,Sst-IRES-Cre/wt;Ai32(RCL-ChR2(H134R)_EYFP)/wt
1100924303,1098119201,Sst-IRES-Cre/wt;Ai32(RCL-ChR2(H134R)_EYFP)/wt
1100924399,1098119201,Sst-IRES-Cre/wt;Ai32(RCL-ChR2(H134R)_EYFP)/wt
1100924263,1098119201,Sst-IRES-Cre/wt;Ai32(RCL-ChR2(H134R)_EYFP)/wt
1100924314,1098119201,Sst-IRES-Cre/wt;Ai32(RCL-ChR2(H134R)_EYFP)/wt
1100924246,1098119201,Sst-IRES-Cre/wt;Ai32(RCL-ChR2(H134R)_EYFP)/wt
1100924467,1098119201,Sst-IRES-Cre/wt;Ai32(RCL-ChR2(H134R)_EYFP)/wt
1100924371,1098119201,Sst-IRES-Cre/wt;Ai32(RCL-ChR2(H134R)_EYFP)/wt
1100925026,1098119201,Sst-IRES-Cre/wt;Ai32(RCL-ChR2(H134R)_EYFP)/wt
1100925062,1098119201,Sst-IRES-Cre/wt;Ai32(RCL-ChR2(H134R)_EYFP)/wt
1100924903,1098119201,Sst-IRES-Cre/wt;Ai32(RCL-ChR2(H134R)_EYFP)/wt
1100925126,1098119201,Sst-IRES-Cre/wt;Ai32(RCL-ChR2(H134R)_EYFP)/wt
1100924884,1098119201,Sst-IRES-Cre/wt;Ai32(RCL-ChR2(H134R)_EYFP)/wt
1100924919,1098119201,Sst-IRES-Cre/wt;Ai32(RCL-ChR2(H134R)_EYFP)/wt
1100924917,1098119201,Sst-IRES-Cre/wt;Ai32(RCL-ChR2(H134R)_EYFP)/wt
1100924928,1098119201,Sst-IRES-Cre/wt;Ai32(RCL-ChR2(H134R)_EYFP)/wt
1100925253,1098119201,Sst-IRES-Cre/wt;Ai32(RCL-ChR2(H134R)_EYFP)/wt
1100925822,1098119201,Sst-IRES-Cre/wt;Ai32(RCL-ChR2(H134R)_EYFP)/wt
1100925972,1098119201,Sst-IRES-Cre/wt;Ai32(RCL-ChR2(H134R)_EYFP)/wt
1100925971,1098119201,Sst-IRES-Cre/wt;Ai32(RCL-ChR2(H134R)_EYFP)/wt
1100926024,1098119201,Sst-IRES-Cre/wt;Ai32(RCL-ChR2(H134R)_EYFP)/wt
1100925945,1098119201,Sst-IRES-Cre/wt;Ai32(RCL-ChR2(H134R)_EYFP)/wt
1100925773,1098119201,Sst-IRES-Cre/wt;Ai32(RCL-ChR2(H134R)_EYFP)/wt
1100925776,1098119201,Sst-IRES-Cre/wt;Ai32(RCL-ChR2(H134R)_EYFP)/wt
1100926271,1098119201,Sst-IRES-Cre/wt;Ai32(RCL-ChR2(H134R)_EYFP)/wt
1100926421,1098119201,Sst-IRES-Cre/wt;Ai32(RCL-ChR2(H134R)_EYFP)/wt
1100926263,1098119201,Sst-IRES-Cre/wt;Ai32(RCL-ChR2(H134R)_EYFP)/wt
1100926661,1098119201,Sst-IRES-Cre/wt;Ai32(RCL-ChR2(H134R)_EYFP)/wt
1100926856,1098119201,Sst-IRES-Cre/wt;Ai32(RCL-ChR2(H134R)_EYFP)/wt
1100926706,1098119201,Sst-IRES-Cre/wt;Ai32(RCL-ChR2(H134R)_EYFP)/wt
1100926665,1098119201,Sst-IRES-Cre/wt;Ai32(RCL-ChR2(H134R)_EYFP)/wt
1100926783,1098119201,Sst-IRES-Cre/wt;Ai32(RCL-ChR2(H134R)_EYFP)/wt
1100926605,1098119201,Sst-IRES-Cre/wt;Ai32(RCL-ChR2(H134R)_EYFP)/wt
1109784076,1104058216,Sst-IRES-Cre/wt;Ai32(RCL-ChR2(H134R)_EYFP)/wt
1109784040,1104058216,Sst-IRES-Cre/wt;Ai32(RCL-ChR2(H134R)_EYFP)/wt
1109784015,1104058216,Sst-IRES-Cre/wt;Ai32(RCL-ChR2(H134R)_EYFP)/wt
1109784045,1104058216,Sst-IRES-Cre/wt;Ai32(RCL-ChR2(H134R)_EYFP)/wt
1109784042,1104058216,Sst-IRES-Cre/wt;Ai32(RCL-ChR2(H134R)_EYFP)/wt
1109784044,1104058216,Sst-IRES-Cre/wt;Ai32(RCL-ChR2(H134R)_EYFP)/wt
1109784043,1104058216,Sst-IRES-Cre/wt;Ai32(RCL-ChR2(H134R)_EYFP)/wt
1109784321,1104058216,Sst-IRES-Cre/wt;Ai32(RCL-ChR2(H134R)_EYFP)/wt
1109784331,1104058216,Sst-IRES-Cre/wt;Ai32(RCL-ChR2(H134R)_EYFP)/wt
1109784499,1104058216,Sst-IRES-Cre/wt;Ai32(RCL-ChR2(H134R)_EYFP)/wt
1109784481,1104058216,Sst-IRES-Cre/wt;Ai32(RCL-ChR2(H134R)_EYFP)/wt
1109784579,1104058216,Sst-IRES-Cre/wt;Ai32(RCL-ChR2(H134R)_EYFP)/wt
1109784936,1104058216,Sst-IRES-Cre/wt;Ai32(RCL-ChR2(H134R)_EYFP)/wt
1109785037,1104058216,Sst-IRES-Cre/wt;Ai32(RCL-ChR2(H134R)_EYFP)/wt
1109785094,1104058216,Sst-IRES-Cre/wt;Ai32(RCL-ChR2(H134R)_EYFP)/wt
1109785249,1104058216,Sst-IRES-Cre/wt;Ai32(RCL-ChR2(H134R)_EYFP)/wt
1109785256,1104058216,Sst-IRES-Cre/wt;Ai32(RCL-ChR2(H134R)_EYFP)/wt
1109785281,1104058216,Sst-IRES-Cre/wt;Ai32(RCL-ChR2(H134R)_EYFP)/wt
1106863873,1105543760,Sst-IRES-Cre/wt;Ai32(RCL-ChR2(H134R)_EYFP)/wt
1106864076,1105543760,Sst-IRES-Cre/wt;Ai32(RCL-ChR2(H134R)_EYFP)/wt
1106864075,1105543760,Sst-IRES-Cre/wt;Ai32(RCL-ChR2(H134R)_EYFP)/wt
1106864078,1105543760,Sst-IRES-Cre/wt;Ai32(RCL-ChR2(H134R)_EYFP)/wt
1106864161,1105543760,Sst-IRES-Cre/wt;Ai32(RCL-ChR2(H134R)_EYFP)/wt
1106864105,1105543760,Sst-IRES-Cre/wt;Ai32(RCL-ChR2(H134R)_EYFP)/wt
1106864432,1105543760,Sst-IRES-Cre/wt;Ai32(RCL-ChR2(H134R)_EYFP)/wt
1106864514,1105543760,Sst-IRES-Cre/wt;Ai32(RCL-ChR2(H134R)_EYFP)/wt
1106864866,1105543760,Sst-IRES-Cre/wt;Ai32(RCL-ChR2(H134R)_EYFP)/wt
1106864696,1105543760,Sst-IRES-Cre/wt;Ai32(RCL-ChR2(H134R)_EYFP)/wt
1106864636,1105543760,Sst-IRES-Cre/wt;Ai32(RCL-ChR2(H134R)_EYFP)/wt
1106864735,1105543760,Sst-IRES-Cre/wt;Ai32(RCL-ChR2(H134R)_EYFP)/wt
1106864733,1105543760,Sst-IRES-Cre/wt;Ai32(RCL-ChR2(H134R)_EYFP)/wt
1106864994,1105543760,Sst-IRES-Cre/wt;Ai32(RCL-ChR2(H134R)_EYFP)/wt
1106865053,1105543760,Sst-IRES-Cre/wt;Ai32(RCL-ChR2(H134R)_EYFP)/wt
1106865030,1105543760,Sst-IRES-Cre/wt;Ai32(RCL-ChR2(H134R)_EYFP)/wt
1106865093,1105543760,Sst-IRES-Cre/wt;Ai32(RCL-ChR2(H134R)_EYFP)/wt
1106864979,1105543760,Sst-IRES-Cre/wt;Ai32(RCL-ChR2(H134R)_EYFP)/wt
1106865017,1105543760,Sst-IRES-Cre/wt;Ai32(RCL-ChR2(H134R)_EYFP)/wt
1153674419,1105798776,Sst-IRES-Cre/wt;Ai32(RCL-ChR2(H134R)_EYFP)/wt
1153674395,1105798776,Sst-IRES-Cre/wt;Ai32(RCL-ChR2(H134R)_EYFP)/wt
1153674385,1105798776,Sst-IRES-Cre/wt;Ai32(RCL-ChR2(H134R)_EYFP)/wt
1153674391,1105798776,Sst-IRES-Cre/wt;Ai32(RCL-ChR2(H134R)_EYFP)/wt
1153674476,1105798776,Sst-IRES-Cre/wt;Ai32(RCL-ChR2(H134R)_EYFP)/wt
1153674691,1105798776,Sst-IRES-Cre/wt;Ai32(RCL-ChR2(H134R)_EYFP)/wt
1153674604,1105798776,Sst-IRES-Cre/wt;Ai32(RCL-ChR2(H134R)_EYFP)/wt
1153674663,1105798776,Sst-IRES-Cre/wt;Ai32(RCL-ChR2(H134R)_EYFP)/wt
1153674714,1105798776,Sst-IRES-Cre/wt;Ai32(RCL-ChR2(H134R)_EYFP)/wt
1153674719,1105798776,Sst-IRES-Cre/wt;Ai32(RCL-ChR2(H134R)_EYFP)/wt
1153674555,1105798776,Sst-IRES-Cre/wt;Ai32(RCL-ChR2(H134R)_EYFP)/wt
1153674580,1105798776,Sst-IRES-Cre/wt;Ai32(RCL-ChR2(H134R)_EYFP)/wt
1153675116,1105798776,Sst-IRES-Cre/wt;Ai32(RCL-ChR2(H134R)_EYFP)/wt
1153675069,1105798776,Sst-IRES-Cre/wt;Ai32(RCL-ChR2(H134R)_EYFP)/wt
1153675070,1105798776,Sst-IRES-Cre/wt;Ai32(RCL-ChR2(H134R)_EYFP)/wt
1153675397,1105798776,Sst-IRES-Cre/wt;Ai32(RCL-ChR2(H134R)_EYFP)/wt
1153675360,1105798776,Sst-IRES-Cre/wt;Ai32(RCL-ChR2(H134R)_EYFP)/wt
1153675317,1105798776,Sst-IRES-Cre/wt;Ai32(RCL-ChR2(H134R)_EYFP)/wt
1153675335,1105798776,Sst-IRES-Cre/wt;Ai32(RCL-ChR2(H134R)_EYFP)/wt
1153675315,1105798776,Sst-IRES-Cre/wt;Ai32(RCL-ChR2(H134R)_EYFP)/wt
1153675407,1105798776,Sst-IRES-Cre/wt;Ai32(RCL-ChR2(H134R)_EYFP)/wt
1153675306,1105798776,Sst-IRES-Cre/wt;Ai32(RCL-ChR2(H134R)_EYFP)/wt
1153675314,1105798776,Sst-IRES-Cre/wt;Ai32(RCL-ChR2(H134R)_EYFP)/wt
1153675602,1105798776,Sst-IRES-Cre/wt;Ai32(RCL-ChR2(H134R)_EYFP)/wt
1143990486,1111013640,Vip-IRES-Cre/wt;Ai32(RCL-ChR2(H134R)_EYFP)/wt
1143989989,1111013640,Vip-IRES-Cre/wt;Ai32(RCL-ChR2(H134R)_EYFP)/wt
1143990119,1111013640,Vip-IRES-Cre/wt;Ai32(RCL-ChR2(H134R)_EYFP)/wt
1143991694,1111013640,Vip-IRES-Cre/wt;Ai32(RCL-ChR2(H134R)_EYFP)/wt
1143991530,1111013640,Vip-IRES-Cre/wt;Ai32(RCL-ChR2(H134R)_EYFP)/wt
1143992765,1111013640,Vip-IRES-Cre/wt;Ai32(RCL-ChR2(H134R)_EYFP)/wt
1143992724,1111013640,Vip-IRES-Cre/wt;Ai32(RCL-ChR2(H134R)_EYFP)/wt
1143992452,1111013640,Vip-IRES-Cre/wt;Ai32(RCL-ChR2(H134R)_EYFP)/wt
1143993771,1111013640,Vip-IRES-Cre/wt;Ai32(RCL-ChR2(H134R)_EYFP)/wt
1113593788,1111216934,Vip-IRES-Cre/wt;Ai32(RCL-ChR2(H134R)_EYFP)/wt
1153668768,1115077618,Sst-IRES-Cre/wt;Ai32(RCL-ChR2(H134R)_EYFP)/wt
1153668767,1115077618,Sst-IRES-Cre/wt;Ai32(RCL-ChR2(H134R)_EYFP)/wt
1153668816,1115077618,Sst-IRES-Cre/wt;Ai32(RCL-ChR2(H134R)_EYFP)/wt
1153668866,1115077618,Sst-IRES-Cre/wt;Ai32(RCL-ChR2(H134R)_EYFP)/wt
1153668726,1115077618,Sst-IRES-Cre/wt;Ai32(RCL-ChR2(H134R)_EYFP)/wt
1153668763,1115077618,Sst-IRES-Cre/wt;Ai32(RCL-ChR2(H134R)_EYFP)/wt
1153668764,1115077618,Sst-IRES-Cre/wt;Ai32(RCL-ChR2(H134R)_EYFP)/wt
1153668950,1115077618,Sst-IRES-Cre/wt;Ai32(RCL-ChR2(H134R)_EYFP)/wt
1153668929,1115077618,Sst-IRES-Cre/wt;Ai32(RCL-ChR2(H134R)_EYFP)/wt
1153669107,1115077618,Sst-IRES-Cre/wt;Ai32(RCL-ChR2(H134R)_EYFP)/wt
1153669134,1115077618,Sst-IRES-Cre/wt;Ai32(RCL-ChR2(H134R)_EYFP)/wt
1153669144,1115077618,Sst-IRES-Cre/wt;Ai32(RCL-ChR2(H134R)_EYFP)/wt
1153669143,1115077618,Sst-IRES-Cre/wt;Ai32(RCL-ChR2(H134R)_EYFP)/wt
1153669142,1115077618,Sst-IRES-Cre/wt;Ai32(RCL-ChR2(H134R)_EYFP)/wt
1153669097,1115077618,Sst-IRES-Cre/wt;Ai32(RCL-ChR2(H134R)_EYFP)/wt
1153669164,1115077618,Sst-IRES-Cre/wt;Ai32(RCL-ChR2(H134R)_EYFP)/wt
1153669158,1115077618,Sst-IRES-Cre/wt;Ai32(RCL-ChR2(H134R)_EYFP)/wt
1153669268,1115077618,Sst-IRES-Cre/wt;Ai32(RCL-ChR2(H134R)_EYFP)/wt
1153669133,1115077618,Sst-IRES-Cre/wt;Ai32(RCL-ChR2(H134R)_EYFP)/wt
1153669132,1115077618,Sst-IRES-Cre/wt;Ai32(RCL-ChR2(H134R)_EYFP)/wt
1153669119,1115077618,Sst-IRES-Cre/wt;Ai32(RCL-ChR2(H134R)_EYFP)/wt
1153669256,1115077618,Sst-IRES-Cre/wt;Ai32(RCL-ChR2(H134R)_EYFP)/wt
1153669720,1115077618,Sst-IRES-Cre/wt;Ai32(RCL-ChR2(H134R)_EYFP)/wt
1153669594,1115077618,Sst-IRES-Cre/wt;Ai32(RCL-ChR2(H134R)_EYFP)/wt
1153669573,1115077618,Sst-IRES-Cre/wt;Ai32(RCL-ChR2(H134R)_EYFP)/wt
1153669795,1115077618,Sst-IRES-Cre/wt;Ai32(RCL-ChR2(H134R)_EYFP)/wt
1153669668,1115077618,Sst-IRES-Cre/wt;Ai32(RCL-ChR2(H134R)_EYFP)/wt
1153670057,1115077618,Sst-IRES-Cre/wt;Ai32(RCL-ChR2(H134R)_EYFP)/wt
1153670149,1115077618,Sst-IRES-Cre/wt;Ai32(RCL-ChR2(H134R)_EYFP)/wt
1153670190,1115077618,Sst-IRES-Cre/wt;Ai32(RCL-ChR2(H134R)_EYFP)/wt
1153670160,1115077618,Sst-IRES-Cre/wt;Ai32(RCL-ChR2(H134R)_EYFP)/wt
1153670308,1115077618,Sst-IRES-Cre/wt;Ai32(RCL-ChR2(H134R)_EYFP)/wt
1153670552,1115077618,Sst-IRES-Cre/wt;Ai32(RCL-ChR2(H134R)_EYFP)/wt
1153670535,1115077618,Sst-IRES-Cre/wt;Ai32(RCL-ChR2(H134R)_EYFP)/wt
1153670579,1115077618,Sst-IRES-Cre/wt;Ai32(RCL-ChR2(H134R)_EYFP)/wt
1153670592,1115077618,Sst-IRES-Cre/wt;Ai32(RCL-ChR2(H134R)_EYFP)/wt
1153670532,1115077618,Sst-IRES-Cre/wt;Ai32(RCL-ChR2(H134R)_EYFP)/wt
1153670514,1115077618,Sst-IRES-Cre/wt;Ai32(RCL-ChR2(H134R)_EYFP)/wt
1153670543,1115077618,Sst-IRES-Cre/wt;Ai32(RCL-ChR2(H134R)_EYFP)/wt
1126264079,1115356973,Sst-IRES-Cre/wt;Ai32(RCL-ChR2(H134R)_EYFP)/wt
1126264038,1115356973,Sst-IRES-Cre/wt;Ai32(RCL-ChR2(H134R)_EYFP)/wt
1126263994,1115356973,Sst-IRES-Cre/wt;Ai32(RCL-ChR2(H134R)_EYFP)/wt
1126263966,1115356973,Sst-IRES-Cre/wt;Ai32(RCL-ChR2(H134R)_EYFP)/wt
1126263965,1115356973,Sst-IRES-Cre/wt;Ai32(RCL-ChR2(H134R)_EYFP)/wt
1126263963,1115356973,Sst-IRES-Cre/wt;Ai32(RCL-ChR2(H134R)_EYFP)/wt
1126264296,1115356973,Sst-IRES-Cre/wt;Ai32(RCL-ChR2(H134R)_EYFP)/wt
1126264255,1115356973,Sst-IRES-Cre/wt;Ai32(RCL-ChR2(H134R)_EYFP)/wt
1126264263,1115356973,Sst-IRES-Cre/wt;Ai32(RCL-ChR2(H134R)_EYFP)/wt
1126264242,1115356973,Sst-IRES-Cre/wt;Ai32(RCL-ChR2(H134R)_EYFP)/wt
1126264328,1115356973,Sst-IRES-Cre/wt;Ai32(RCL-ChR2(H134R)_EYFP)/wt
1126264338,1115356973,Sst-IRES-Cre/wt;Ai32(RCL-ChR2(H134R)_EYFP)/wt
1126264365,1115356973,Sst-IRES-Cre/wt;Ai32(RCL-ChR2(H134R)_EYFP)/wt
1126264352,1115356973,Sst-IRES-Cre/wt;Ai32(RCL-ChR2(H134R)_EYFP)/wt
1126264757,1115356973,Sst-IRES-Cre/wt;Ai32(RCL-ChR2(H134R)_EYFP)/wt
1126264787,1115356973,Sst-IRES-Cre/wt;Ai32(RCL-ChR2(H134R)_EYFP)/wt
1126264814,1115356973,Sst-IRES-Cre/wt;Ai32(RCL-ChR2(H134R)_EYFP)/wt
1126265080,1115356973,Sst-IRES-Cre/wt;Ai32(RCL-ChR2(H134R)_EYFP)/wt
1126265133,1115356973,Sst-IRES-Cre/wt;Ai32(RCL-ChR2(H134R)_EYFP)/wt
1126265027,1115356973,Sst-IRES-Cre/wt;Ai32(RCL-ChR2(H134R)_EYFP)/wt
1126265575,1115356973,Sst-IRES-Cre/wt;Ai32(RCL-ChR2(H134R)_EYFP)/wt
1126265711,1115356973,Sst-IRES-Cre/wt;Ai32(RCL-ChR2(H134R)_EYFP)/wt
1126265628,1115356973,Sst-IRES-Cre/wt;Ai32(RCL-ChR2(H134R)_EYFP)/wt
1153696158,1108334384,Sst-IRES-Cre/wt;Ai32(RCL-ChR2(H134R)_EYFP)/wt
1153696173,1108334384,Sst-IRES-Cre/wt;Ai32(RCL-ChR2(H134R)_EYFP)/wt
1153696170,1108334384,Sst-IRES-Cre/wt;Ai32(RCL-ChR2(H134R)_EYFP)/wt
1153696171,1108334384,Sst-IRES-Cre/wt;Ai32(RCL-ChR2(H134R)_EYFP)/wt
1153696210,1108334384,Sst-IRES-Cre/wt;Ai32(RCL-ChR2(H134R)_EYFP)/wt
1153696431,1108334384,Sst-IRES-Cre/wt;Ai32(RCL-ChR2(H134R)_EYFP)/wt
1153696487,1108334384,Sst-IRES-Cre/wt;Ai32(RCL-ChR2(H134R)_EYFP)/wt
1153696433,1108334384,Sst-IRES-Cre/wt;Ai32(RCL-ChR2(H134R)_EYFP)/wt
1153696426,1108334384,Sst-IRES-Cre/wt;Ai32(RCL-ChR2(H134R)_EYFP)/wt
1153696560,1108334384,Sst-IRES-Cre/wt;Ai32(RCL-ChR2(H134R)_EYFP)/wt
1153696521,1108334384,Sst-IRES-Cre/wt;Ai32(RCL-ChR2(H134R)_EYFP)/wt
1153696413,1108334384,Sst-IRES-Cre/wt;Ai32(RCL-ChR2(H134R)_EYFP)/wt
1153696973,1108334384,Sst-IRES-Cre/wt;Ai32(RCL-ChR2(H134R)_EYFP)/wt
1153697034,1108334384,Sst-IRES-Cre/wt;Ai32(RCL-ChR2(H134R)_EYFP)/wt
1153697219,1108334384,Sst-IRES-Cre/wt;Ai32(RCL-ChR2(H134R)_EYFP)/wt
1153697579,1108334384,Sst-IRES-Cre/wt;Ai32(RCL-ChR2(H134R)_EYFP)/wt
1153697480,1108334384,Sst-IRES-Cre/wt;Ai32(RCL-ChR2(H134R)_EYFP)/wt
1153697556,1108334384,Sst-IRES-Cre/wt;Ai32(RCL-ChR2(H134R)_EYFP)/wt
1153697484,1108334384,Sst-IRES-Cre/wt;Ai32(RCL-ChR2(H134R)_EYFP)/wt
1153697959,1108334384,Sst-IRES-Cre/wt;Ai32(RCL-ChR2(H134R)_EYFP)/wt
1153697950,1108334384,Sst-IRES-Cre/wt;Ai32(RCL-ChR2(H134R)_EYFP)/wt
1153697838,1108334384,Sst-IRES-Cre/wt;Ai32(RCL-ChR2(H134R)_EYFP)/wt
1143976407,1108531612,Sst-IRES-Cre/wt;Ai32(RCL-ChR2(H134R)_EYFP)/wt
1143976418,1108531612,Sst-IRES-Cre/wt;Ai32(RCL-ChR2(H134R)_EYFP)/wt
1143976838,1108531612,Sst-IRES-Cre/wt;Ai32(RCL-ChR2(H134R)_EYFP)/wt
1143976934,1108531612,Sst-IRES-Cre/wt;Ai32(RCL-ChR2(H134R)_EYFP)/wt
1143976859,1108531612,Sst-IRES-Cre/wt;Ai32(RCL-ChR2(H134R)_EYFP)/wt
1143976679,1108531612,Sst-IRES-Cre/wt;Ai32(RCL-ChR2(H134R)_EYFP)/wt
1143976768,1108531612,Sst-IRES-Cre/wt;Ai32(RCL-ChR2(H134R)_EYFP)/wt
1143977341,1108531612,Sst-IRES-Cre/wt;Ai32(RCL-ChR2(H134R)_EYFP)/wt
1143977217,1108531612,Sst-IRES-Cre/wt;Ai32(RCL-ChR2(H134R)_EYFP)/wt
1143977611,1108531612,Sst-IRES-Cre/wt;Ai32(RCL-ChR2(H134R)_EYFP)/wt
1143978114,1108531612,Sst-IRES-Cre/wt;Ai32(RCL-ChR2(H134R)_EYFP)/wt
1143978131,1108531612,Sst-IRES-Cre/wt;Ai32(RCL-ChR2(H134R)_EYFP)/wt
1143978061,1108531612,Sst-IRES-Cre/wt;Ai32(RCL-ChR2(H134R)_EYFP)/wt
1143978027,1108531612,Sst-IRES-Cre/wt;Ai32(RCL-ChR2(H134R)_EYFP)/wt
1143978013,1108531612,Sst-IRES-Cre/wt;Ai32(RCL-ChR2(H134R)_EYFP)/wt
1143978145,1108531612,Sst-IRES-Cre/wt;Ai32(RCL-ChR2(H134R)_EYFP)/wt
1143978646,1108531612,Sst-IRES-Cre/wt;Ai32(RCL-ChR2(H134R)_EYFP)/wt
1143978581,1108531612,Sst-IRES-Cre/wt;Ai32(RCL-ChR2(H134R)_EYFP)/wt
1143978541,1108531612,Sst-IRES-Cre/wt;Ai32(RCL-ChR2(H134R)_EYFP)/wt
1143978691,1108531612,Sst-IRES-Cre/wt;Ai32(RCL-ChR2(H134R)_EYFP)/wt
1143978597,1108531612,Sst-IRES-Cre/wt;Ai32(RCL-ChR2(H134R)_EYFP)/wt
1177933428,1122903357,Sst-IRES-Cre/wt;Ai32(RCL-ChR2(H134R)_EYFP)/wt
1177933501,1122903357,Sst-IRES-Cre/wt;Ai32(RCL-ChR2(H134R)_EYFP)/wt
1177933728,1122903357,Sst-IRES-Cre/wt;Ai32(RCL-ChR2(H134R)_EYFP)/wt
1177933766,1122903357,Sst-IRES-Cre/wt;Ai32(RCL-ChR2(H134R)_EYFP)/wt
1177933799,1122903357,Sst-IRES-Cre/wt;Ai32(RCL-ChR2(H134R)_EYFP)/wt
1177933761,1122903357,Sst-IRES-Cre/wt;Ai32(RCL-ChR2(H134R)_EYFP)/wt
1177933937,1122903357,Sst-IRES-Cre/wt;Ai32(RCL-ChR2(H134R)_EYFP)/wt
1177933827,1122903357,Sst-IRES-Cre/wt;Ai32(RCL-ChR2(H134R)_EYFP)/wt
1177934207,1122903357,Sst-IRES-Cre/wt;Ai32(RCL-ChR2(H134R)_EYFP)/wt
1177934190,1122903357,Sst-IRES-Cre/wt;Ai32(RCL-ChR2(H134R)_EYFP)/wt
1177934193,1122903357,Sst-IRES-Cre/wt;Ai32(RCL-ChR2(H134R)_EYFP)/wt
1177934089,1122903357,Sst-IRES-Cre/wt;Ai32(RCL-ChR2(H134R)_EYFP)/wt
1177934708,1122903357,Sst-IRES-Cre/wt;Ai32(RCL-ChR2(H134R)_EYFP)/wt
1177934613,1122903357,Sst-IRES-Cre/wt;Ai32(RCL-ChR2(H134R)_EYFP)/wt
1177934772,1122903357,Sst-IRES-Cre/wt;Ai32(RCL-ChR2(H134R)_EYFP)/wt
1177934616,1122903357,Sst-IRES-Cre/wt;Ai32(RCL-ChR2(H134R)_EYFP)/wt
1177934582,1122903357,Sst-IRES-Cre/wt;Ai32(RCL-ChR2(H134R)_EYFP)/wt
1177934581,1122903357,Sst-IRES-Cre/wt;Ai32(RCL-ChR2(H134R)_EYFP)/wt
1177935169,1122903357,Sst-IRES-Cre/wt;Ai32(RCL-ChR2(H134R)_EYFP)/wt
1177935276,1122903357,Sst-IRES-Cre/wt;Ai32(RCL-ChR2(H134R)_EYFP)/wt
1177935268,1122903357,Sst-IRES-Cre/wt;Ai32(RCL-ChR2(H134R)_EYFP)/wt
1177935245,1122903357,Sst-IRES-Cre/wt;Ai32(RCL-ChR2(H134R)_EYFP)/wt
1177935205,1122903357,Sst-IRES-Cre/wt;Ai32(RCL-ChR2(H134R)_EYFP)/wt
1177935251,1122903357,Sst-IRES-Cre/wt;Ai32(RCL-ChR2(H134R)_EYFP)/wt
1177935075,1122903357,Sst-IRES-Cre/wt;Ai32(RCL-ChR2(H134R)_EYFP)/wt
1177935124,1122903357,Sst-IRES-Cre/wt;Ai32(RCL-ChR2(H134R)_EYFP)/wt
1177935106,1122903357,Sst-IRES-Cre/wt;Ai32(RCL-ChR2(H134R)_EYFP)/wt
1177935160,1122903357,Sst-IRES-Cre/wt;Ai32(RCL-ChR2(H134R)_EYFP)/wt
1177935653,1122903357,Sst-IRES-Cre/wt;Ai32(RCL-ChR2(H134R)_EYFP)/wt
1177935627,1122903357,Sst-IRES-Cre/wt;Ai32(RCL-ChR2(H134R)_EYFP)/wt
1177935625,1122903357,Sst-IRES-Cre/wt;Ai32(RCL-ChR2(H134R)_EYFP)/wt
1177935660,1122903357,Sst-IRES-Cre/wt;Ai32(RCL-ChR2(H134R)_EYFP)/wt
1143978977,1123100019,Sst-IRES-Cre/wt;Ai32(RCL-ChR2(H134R)_EYFP)/wt
1143978895,1123100019,Sst-IRES-Cre/wt;Ai32(RCL-ChR2(H134R)_EYFP)/wt
1143978701,1123100019,Sst-IRES-Cre/wt;Ai32(RCL-ChR2(H134R)_EYFP)/wt
1143978812,1123100019,Sst-IRES-Cre/wt;Ai32(RCL-ChR2(H134R)_EYFP)/wt
1143978814,1123100019,Sst-IRES-Cre/wt;Ai32(RCL-ChR2(H134R)_EYFP)/wt
1143978819,1123100019,Sst-IRES-Cre/wt;Ai32(RCL-ChR2(H134R)_EYFP)/wt
1143978816,1123100019,Sst-IRES-Cre/wt;Ai32(RCL-ChR2(H134R)_EYFP)/wt
1143979302,1123100019,Sst-IRES-Cre/wt;Ai32(RCL-ChR2(H134R)_EYFP)/wt
1143979319,1123100019,Sst-IRES-Cre/wt;Ai32(RCL-ChR2(H134R)_EYFP)/wt
1143979335,1123100019,Sst-IRES-Cre/wt;Ai32(RCL-ChR2(H134R)_EYFP)/wt
1143979158,1123100019,Sst-IRES-Cre/wt;Ai32(RCL-ChR2(H134R)_EYFP)/wt
1143979227,1123100019,Sst-IRES-Cre/wt;Ai32(RCL-ChR2(H134R)_EYFP)/wt
1143979301,1123100019,Sst-IRES-Cre/wt;Ai32(RCL-ChR2(H134R)_EYFP)/wt
1143979619,1123100019,Sst-IRES-Cre/wt;Ai32(RCL-ChR2(H134R)_EYFP)/wt
1143979803,1123100019,Sst-IRES-Cre/wt;Ai32(RCL-ChR2(H134R)_EYFP)/wt
1143979660,1123100019,Sst-IRES-Cre/wt;Ai32(RCL-ChR2(H134R)_EYFP)/wt
1143979694,1123100019,Sst-IRES-Cre/wt;Ai32(RCL-ChR2(H134R)_EYFP)/wt
1143980162,1123100019,Sst-IRES-Cre/wt;Ai32(RCL-ChR2(H134R)_EYFP)/wt
1143980096,1123100019,Sst-IRES-Cre/wt;Ai32(RCL-ChR2(H134R)_EYFP)/wt
1143980099,1123100019,Sst-IRES-Cre/wt;Ai32(RCL-ChR2(H134R)_EYFP)/wt
1143980271,1123100019,Sst-IRES-Cre/wt;Ai32(RCL-ChR2(H134R)_EYFP)/wt
1143980229,1123100019,Sst-IRES-Cre/wt;Ai32(RCL-ChR2(H134R)_EYFP)/wt
1143980134,1123100019,Sst-IRES-Cre/wt;Ai32(RCL-ChR2(H134R)_EYFP)/wt
1143980550,1123100019,Sst-IRES-Cre/wt;Ai32(RCL-ChR2(H134R)_EYFP)/wt
1143980573,1123100019,Sst-IRES-Cre/wt;Ai32(RCL-ChR2(H134R)_EYFP)/wt
1143980551,1123100019,Sst-IRES-Cre/wt;Ai32(RCL-ChR2(H134R)_EYFP)/wt
1143985676,1112302803,Sst-IRES-Cre/wt;Ai32(RCL-ChR2(H134R)_EYFP)/wt
1143985642,1112302803,Sst-IRES-Cre/wt;Ai32(RCL-ChR2(H134R)_EYFP)/wt
1143985656,1112302803,Sst-IRES-Cre/wt;Ai32(RCL-ChR2(H134R)_EYFP)/wt
1143985772,1112302803,Sst-IRES-Cre/wt;Ai32(RCL-ChR2(H134R)_EYFP)/wt
1143985677,1112302803,Sst-IRES-Cre/wt;Ai32(RCL-ChR2(H134R)_EYFP)/wt
1143985716,1112302803,Sst-IRES-Cre/wt;Ai32(RCL-ChR2(H134R)_EYFP)/wt
1143985675,1112302803,Sst-IRES-Cre/wt;Ai32(RCL-ChR2(H134R)_EYFP)/wt
1143986231,1112302803,Sst-IRES-Cre/wt;Ai32(RCL-ChR2(H134R)_EYFP)/wt
1143986243,1112302803,Sst-IRES-Cre/wt;Ai32(RCL-ChR2(H134R)_EYFP)/wt
1143986641,1112302803,Sst-IRES-Cre/wt;Ai32(RCL-ChR2(H134R)_EYFP)/wt
1143986206,1112302803,Sst-IRES-Cre/wt;Ai32(RCL-ChR2(H134R)_EYFP)/wt
1143986698,1112302803,Sst-IRES-Cre/wt;Ai32(RCL-ChR2(H134R)_EYFP)/wt
1143986418,1112302803,Sst-IRES-Cre/wt;Ai32(RCL-ChR2(H134R)_EYFP)/wt
1143987538,1112302803,Sst-IRES-Cre/wt;Ai32(RCL-ChR2(H134R)_EYFP)/wt
1143987176,1112302803,Sst-IRES-Cre/wt;Ai32(RCL-ChR2(H134R)_EYFP)/wt
1143988964,1112302803,Sst-IRES-Cre/wt;Ai32(RCL-ChR2(H134R)_EYFP)/wt
1143988735,1112302803,Sst-IRES-Cre/wt;Ai32(RCL-ChR2(H134R)_EYFP)/wt
1143988210,1112302803,Sst-IRES-Cre/wt;Ai32(RCL-ChR2(H134R)_EYFP)/wt
1143988071,1112302803,Sst-IRES-Cre/wt;Ai32(RCL-ChR2(H134R)_EYFP)/wt
1143988927,1112302803,Sst-IRES-Cre/wt;Ai32(RCL-ChR2(H134R)_EYFP)/wt
1143988657,1112302803,Sst-IRES-Cre/wt;Ai32(RCL-ChR2(H134R)_EYFP)/wt
1143988491,1112302803,Sst-IRES-Cre/wt;Ai32(RCL-ChR2(H134R)_EYFP)/wt
1143988990,1112302803,Sst-IRES-Cre/wt;Ai32(RCL-ChR2(H134R)_EYFP)/wt
1143988938,1112302803,Sst-IRES-Cre/wt;Ai32(RCL-ChR2(H134R)_EYFP)/wt
1143988604,1112302803,Sst-IRES-Cre/wt;Ai32(RCL-ChR2(H134R)_EYFP)/wt
1143988629,1112302803,Sst-IRES-Cre/wt;Ai32(RCL-ChR2(H134R)_EYFP)/wt
1143990043,1112302803,Sst-IRES-Cre/wt;Ai32(RCL-ChR2(H134R)_EYFP)/wt
1143989922,1112302803,Sst-IRES-Cre/wt;Ai32(RCL-ChR2(H134R)_EYFP)/wt
1143989904,1112302803,Sst-IRES-Cre/wt;Ai32(RCL-ChR2(H134R)_EYFP)/wt
1143989834,1112302803,Sst-IRES-Cre/wt;Ai32(RCL-ChR2(H134R)_EYFP)/wt
1143989837,1112302803,Sst-IRES-Cre/wt;Ai32(RCL-ChR2(H134R)_EYFP)/wt
1143989836,1112302803,Sst-IRES-Cre/wt;Ai32(RCL-ChR2(H134R)_EYFP)/wt
1143989302,1112302803,Sst-IRES-Cre/wt;Ai32(RCL-ChR2(H134R)_EYFP)/wt
1143990008,1112302803,Sst-IRES-Cre/wt;Ai32(RCL-ChR2(H134R)_EYFP)/wt
1143991378,1112302803,Sst-IRES-Cre/wt;Ai32(RCL-ChR2(H134R)_EYFP)/wt
1143991064,1112302803,Sst-IRES-Cre/wt;Ai32(RCL-ChR2(H134R)_EYFP)/wt
1143991037,1112302803,Sst-IRES-Cre/wt;Ai32(RCL-ChR2(H134R)_EYFP)/wt
1143991210,1112302803,Sst-IRES-Cre/wt;Ai32(RCL-ChR2(H134R)_EYFP)/wt
1126274029,1112515874,Sst-IRES-Cre/wt;Ai32(RCL-ChR2(H134R)_EYFP)/wt
1126274027,1112515874,Sst-IRES-Cre/wt;Ai32(RCL-ChR2(H134R)_EYFP)/wt
1126274025,1112515874,Sst-IRES-Cre/wt;Ai32(RCL-ChR2(H134R)_EYFP)/wt
1126273975,1112515874,Sst-IRES-Cre/wt;Ai32(RCL-ChR2(H134R)_EYFP)/wt
1126274031,1112515874,Sst-IRES-Cre/wt;Ai32(RCL-ChR2(H134R)_EYFP)/wt
1126274395,1112515874,Sst-IRES-Cre/wt;Ai32(RCL-ChR2(H134R)_EYFP)/wt
1126274282,1112515874,Sst-IRES-Cre/wt;Ai32(RCL-ChR2(H134R)_EYFP)/wt
1126274648,1112515874,Sst-IRES-Cre/wt;Ai32(RCL-ChR2(H134R)_EYFP)/wt
1126274607,1112515874,Sst-IRES-Cre/wt;Ai32(RCL-ChR2(H134R)_EYFP)/wt
1126274587,1112515874,Sst-IRES-Cre/wt;Ai32(RCL-ChR2(H134R)_EYFP)/wt
1126274839,1112515874,Sst-IRES-Cre/wt;Ai32(RCL-ChR2(H134R)_EYFP)/wt
1126274835,1112515874,Sst-IRES-Cre/wt;Ai32(RCL-ChR2(H134R)_EYFP)/wt
1126274897,1112515874,Sst-IRES-Cre/wt;Ai32(RCL-ChR2(H134R)_EYFP)/wt
1126274881,1112515874,Sst-IRES-Cre/wt;Ai32(RCL-ChR2(H134R)_EYFP)/wt
1126274833,1112515874,Sst-IRES-Cre/wt;Ai32(RCL-ChR2(H134R)_EYFP)/wt
1126274864,1112515874,Sst-IRES-Cre/wt;Ai32(RCL-ChR2(H134R)_EYFP)/wt
1126275213,1112515874,Sst-IRES-Cre/wt;Ai32(RCL-ChR2(H134R)_EYFP)/wt
1126275131,1112515874,Sst-IRES-Cre/wt;Ai32(RCL-ChR2(H134R)_EYFP)/wt
1126275172,1112515874,Sst-IRES-Cre/wt;Ai32(RCL-ChR2(H134R)_EYFP)/wt
1126275130,1112515874,Sst-IRES-Cre/wt;Ai32(RCL-ChR2(H134R)_EYFP)/wt
1126275459,1112515874,Sst-IRES-Cre/wt;Ai32(RCL-ChR2(H134R)_EYFP)/wt
1126275423,1112515874,Sst-IRES-Cre/wt;Ai32(RCL-ChR2(H134R)_EYFP)/wt
1126275465,1112515874,Sst-IRES-Cre/wt;Ai32(RCL-ChR2(H134R)_EYFP)/wt
1126275393,1112515874,Sst-IRES-Cre/wt;Ai32(RCL-ChR2(H134R)_EYFP)/wt
1126275388,1112515874,Sst-IRES-Cre/wt;Ai32(RCL-ChR2(H134R)_EYFP)/wt
1144249223,1115086689,Sst-IRES-Cre/wt;Ai32(RCL-ChR2(H134R)_EYFP)/wt
1144249312,1115086689,Sst-IRES-Cre/wt;Ai32(RCL-ChR2(H134R)_EYFP)/wt
1144249276,1115086689,Sst-IRES-Cre/wt;Ai32(RCL-ChR2(H134R)_EYFP)/wt
1144249414,1115086689,Sst-IRES-Cre/wt;Ai32(RCL-ChR2(H134R)_EYFP)/wt
1144249797,1115086689,Sst-IRES-Cre/wt;Ai32(RCL-ChR2(H134R)_EYFP)/wt
1144249840,1115086689,Sst-IRES-Cre/wt;Ai32(RCL-ChR2(H134R)_EYFP)/wt
1144249835,1115086689,Sst-IRES-Cre/wt;Ai32(RCL-ChR2(H134R)_EYFP)/wt
1144249750,1115086689,Sst-IRES-Cre/wt;Ai32(RCL-ChR2(H134R)_EYFP)/wt
1144250300,1115086689,Sst-IRES-Cre/wt;Ai32(RCL-ChR2(H134R)_EYFP)/wt
1144250258,1115086689,Sst-IRES-Cre/wt;Ai32(RCL-ChR2(H134R)_EYFP)/wt
1144250254,1115086689,Sst-IRES-Cre/wt;Ai32(RCL-ChR2(H134R)_EYFP)/wt
1144250207,1115086689,Sst-IRES-Cre/wt;Ai32(RCL-ChR2(H134R)_EYFP)/wt
1144250124,1115086689,Sst-IRES-Cre/wt;Ai32(RCL-ChR2(H134R)_EYFP)/wt
1144250073,1115086689,Sst-IRES-Cre/wt;Ai32(RCL-ChR2(H134R)_EYFP)/wt
1144250095,1115086689,Sst-IRES-Cre/wt;Ai32(RCL-ChR2(H134R)_EYFP)/wt
1144250047,1115086689,Sst-IRES-Cre/wt;Ai32(RCL-ChR2(H134R)_EYFP)/wt
1144250629,1115086689,Sst-IRES-Cre/wt;Ai32(RCL-ChR2(H134R)_EYFP)/wt
1144250402,1115086689,Sst-IRES-Cre/wt;Ai32(RCL-ChR2(H134R)_EYFP)/wt
1144250784,1115086689,Sst-IRES-Cre/wt;Ai32(RCL-ChR2(H134R)_EYFP)/wt
1144250472,1115086689,Sst-IRES-Cre/wt;Ai32(RCL-ChR2(H134R)_EYFP)/wt
1144250653,1115086689,Sst-IRES-Cre/wt;Ai32(RCL-ChR2(H134R)_EYFP)/wt
1144251137,1115086689,Sst-IRES-Cre/wt;Ai32(RCL-ChR2(H134R)_EYFP)/wt
1144251091,1115086689,Sst-IRES-Cre/wt;Ai32(RCL-ChR2(H134R)_EYFP)/wt
1144251145,1115086689,Sst-IRES-Cre/wt;Ai32(RCL-ChR2(H134R)_EYFP)/wt
1144251175,1115086689,Sst-IRES-Cre/wt;Ai32(RCL-ChR2(H134R)_EYFP)/wt
1144251053,1115086689,Sst-IRES-Cre/wt;Ai32(RCL-ChR2(H134R)_EYFP)/wt
1144251080,1115086689,Sst-IRES-Cre/wt;Ai32(RCL-ChR2(H134R)_EYFP)/wt
1144251059,1115086689,Sst-IRES-Cre/wt;Ai32(RCL-ChR2(H134R)_EYFP)/wt
1144251283,1115086689,Sst-IRES-Cre/wt;Ai32(RCL-ChR2(H134R)_EYFP)/wt
1144251593,1115086689,Sst-IRES-Cre/wt;Ai32(RCL-ChR2(H134R)_EYFP)/wt
1144251439,1115086689,Sst-IRES-Cre/wt;Ai32(RCL-ChR2(H134R)_EYFP)/wt
1144251403,1115086689,Sst-IRES-Cre/wt;Ai32(RCL-ChR2(H134R)_EYFP)/wt
1144251404,1115086689,Sst-IRES-Cre/wt;Ai32(RCL-ChR2(H134R)_EYFP)/wt
1144220859,1115368723,Sst-IRES-Cre/wt;Ai32(RCL-ChR2(H134R)_EYFP)/wt
1144221143,1115368723,Sst-IRES-Cre/wt;Ai32(RCL-ChR2(H134R)_EYFP)/wt
1144221530,1115368723,Sst-IRES-Cre/wt;Ai32(RCL-ChR2(H134R)_EYFP)/wt
1144221566,1115368723,Sst-IRES-Cre/wt;Ai32(RCL-ChR2(H134R)_EYFP)/wt
1144221447,1115368723,Sst-IRES-Cre/wt;Ai32(RCL-ChR2(H134R)_EYFP)/wt
1144221517,1115368723,Sst-IRES-Cre/wt;Ai32(RCL-ChR2(H134R)_EYFP)/wt
1144221938,1115368723,Sst-IRES-Cre/wt;Ai32(RCL-ChR2(H134R)_EYFP)/wt
1144222390,1115368723,Sst-IRES-Cre/wt;Ai32(RCL-ChR2(H134R)_EYFP)/wt
1144222485,1115368723,Sst-IRES-Cre/wt;Ai32(RCL-ChR2(H134R)_EYFP)/wt
1144222373,1115368723,Sst-IRES-Cre/wt;Ai32(RCL-ChR2(H134R)_EYFP)/wt
1144222401,1115368723,Sst-IRES-Cre/wt;Ai32(RCL-ChR2(H134R)_EYFP)/wt
1144222797,1115368723,Sst-IRES-Cre/wt;Ai32(RCL-ChR2(H134R)_EYFP)/wt
1144222763,1115368723,Sst-IRES-Cre/wt;Ai32(RCL-ChR2(H134R)_EYFP)/wt
1126251643,1121406444,Sst-IRES-Cre/wt;Ai32(RCL-ChR2(H134R)_EYFP)/wt
1126251674,1121406444,Sst-IRES-Cre/wt;Ai32(RCL-ChR2(H134R)_EYFP)/wt
1126251802,1121406444,Sst-IRES-Cre/wt;Ai32(RCL-ChR2(H134R)_EYFP)/wt
1126251894,1121406444,Sst-IRES-Cre/wt;Ai32(RCL-ChR2(H134R)_EYFP)/wt
1126251843,1121406444,Sst-IRES-Cre/wt;Ai32(RCL-ChR2(H134R)_EYFP)/wt
1126251930,1121406444,Sst-IRES-Cre/wt;Ai32(RCL-ChR2(H134R)_EYFP)/wt
1126251850,1121406444,Sst-IRES-Cre/wt;Ai32(RCL-ChR2(H134R)_EYFP)/wt
1126251883,1121406444,Sst-IRES-Cre/wt;Ai32(RCL-ChR2(H134R)_EYFP)/wt
1126251991,1121406444,Sst-IRES-Cre/wt;Ai32(RCL-ChR2(H134R)_EYFP)/wt
1126251973,1121406444,Sst-IRES-Cre/wt;Ai32(RCL-ChR2(H134R)_EYFP)/wt
1126252284,1121406444,Sst-IRES-Cre/wt;Ai32(RCL-ChR2(H134R)_EYFP)/wt
1126252239,1121406444,Sst-IRES-Cre/wt;Ai32(RCL-ChR2(H134R)_EYFP)/wt
1126252184,1121406444,Sst-IRES-Cre/wt;Ai32(RCL-ChR2(H134R)_EYFP)/wt
1126252238,1121406444,Sst-IRES-Cre/wt;Ai32(RCL-ChR2(H134R)_EYFP)/wt
1126252488,1121406444,Sst-IRES-Cre/wt;Ai32(RCL-ChR2(H134R)_EYFP)/wt
1126252485,1121406444,Sst-IRES-Cre/wt;Ai32(RCL-ChR2(H134R)_EYFP)/wt
1126252487,1121406444,Sst-IRES-Cre/wt;Ai32(RCL-ChR2(H134R)_EYFP)/wt
1126252560,1121406444,Sst-IRES-Cre/wt;Ai32(RCL-ChR2(H134R)_EYFP)/wt
1126252575,1121406444,Sst-IRES-Cre/wt;Ai32(RCL-ChR2(H134R)_EYFP)/wt
1126252520,1121406444,Sst-IRES-Cre/wt;Ai32(RCL-ChR2(H134R)_EYFP)/wt
1126252509,1121406444,Sst-IRES-Cre/wt;Ai32(RCL-ChR2(H134R)_EYFP)/wt
1126252523,1121406444,Sst-IRES-Cre/wt;Ai32(RCL-ChR2(H134R)_EYFP)/wt
1126252908,1121406444,Sst-IRES-Cre/wt;Ai32(RCL-ChR2(H134R)_EYFP)/wt
1126252784,1121406444,Sst-IRES-Cre/wt;Ai32(RCL-ChR2(H134R)_EYFP)/wt
1126252931,1121406444,Sst-IRES-Cre/wt;Ai32(RCL-ChR2(H134R)_EYFP)/wt
1126252875,1121406444,Sst-IRES-Cre/wt;Ai32(RCL-ChR2(H134R)_EYFP)/wt
1126252777,1121406444,Sst-IRES-Cre/wt;Ai32(RCL-ChR2(H134R)_EYFP)/wt
1126252956,1121406444,Sst-IRES-Cre/wt;Ai32(RCL-ChR2(H134R)_EYFP)/wt
1126252839,1121406444,Sst-IRES-Cre/wt;Ai32(RCL-ChR2(H134R)_EYFP)/wt
1126253072,1121406444,Sst-IRES-Cre/wt;Ai32(RCL-ChR2(H134R)_EYFP)/wt
1126252959,1121406444,Sst-IRES-Cre/wt;Ai32(RCL-ChR2(H134R)_EYFP)/wt
1126252858,1121406444,Sst-IRES-Cre/wt;Ai32(RCL-ChR2(H134R)_EYFP)/wt
1126253335,1121406444,Sst-IRES-Cre/wt;Ai32(RCL-ChR2(H134R)_EYFP)/wt
1126253243,1121406444,Sst-IRES-Cre/wt;Ai32(RCL-ChR2(H134R)_EYFP)/wt
1126253446,1121406444,Sst-IRES-Cre/wt;Ai32(RCL-ChR2(H134R)_EYFP)/wt
1126253344,1121406444,Sst-IRES-Cre/wt;Ai32(RCL-ChR2(H134R)_EYFP)/wt
1126244055,1121607504,Sst-IRES-Cre/wt;Ai32(RCL-ChR2(H134R)_EYFP)/wt
1126243780,1121607504,Sst-IRES-Cre/wt;Ai32(RCL-ChR2(H134R)_EYFP)/wt
1126243958,1121607504,Sst-IRES-Cre/wt;Ai32(RCL-ChR2(H134R)_EYFP)/wt
1126243784,1121607504,Sst-IRES-Cre/wt;Ai32(RCL-ChR2(H134R)_EYFP)/wt
1126243790,1121607504,Sst-IRES-Cre/wt;Ai32(RCL-ChR2(H134R)_EYFP)/wt
1126243895,1121607504,Sst-IRES-Cre/wt;Ai32(RCL-ChR2(H134R)_EYFP)/wt
1126243797,1121607504,Sst-IRES-Cre/wt;Ai32(RCL-ChR2(H134R)_EYFP)/wt
1126243839,1121607504,Sst-IRES-Cre/wt;Ai32(RCL-ChR2(H134R)_EYFP)/wt
1126244611,1121607504,Sst-IRES-Cre/wt;Ai32(RCL-ChR2(H134R)_EYFP)/wt
1126244723,1121607504,Sst-IRES-Cre/wt;Ai32(RCL-ChR2(H134R)_EYFP)/wt
1126244720,1121607504,Sst-IRES-Cre/wt;Ai32(RCL-ChR2(H134R)_EYFP)/wt
1126245454,1121607504,Sst-IRES-Cre/wt;Ai32(RCL-ChR2(H134R)_EYFP)/wt
1126245520,1121607504,Sst-IRES-Cre/wt;Ai32(RCL-ChR2(H134R)_EYFP)/wt
1126245434,1121607504,Sst-IRES-Cre/wt;Ai32(RCL-ChR2(H134R)_EYFP)/wt
1126246143,1121607504,Sst-IRES-Cre/wt;Ai32(RCL-ChR2(H134R)_EYFP)/wt
1126246178,1121607504,Sst-IRES-Cre/wt;Ai32(RCL-ChR2(H134R)_EYFP)/wt
1126246131,1121607504,Sst-IRES-Cre/wt;Ai32(RCL-ChR2(H134R)_EYFP)/wt
1126246044,1121607504,Sst-IRES-Cre/wt;Ai32(RCL-ChR2(H134R)_EYFP)/wt
1126246134,1121607504,Sst-IRES-Cre/wt;Ai32(RCL-ChR2(H134R)_EYFP)/wt
1126247144,1121607504,Sst-IRES-Cre/wt;Ai32(RCL-ChR2(H134R)_EYFP)/wt
1126247073,1121607504,Sst-IRES-Cre/wt;Ai32(RCL-ChR2(H134R)_EYFP)/wt
1126248459,1121607504,Sst-IRES-Cre/wt;Ai32(RCL-ChR2(H134R)_EYFP)/wt
1138170364,1118327332,Sst-IRES-Cre/wt;Ai32(RCL-ChR2(H134R)_EYFP)/wt
1138170497,1118327332,Sst-IRES-Cre/wt;Ai32(RCL-ChR2(H134R)_EYFP)/wt
1138170588,1118327332,Sst-IRES-Cre/wt;Ai32(RCL-ChR2(H134R)_EYFP)/wt
1138170487,1118327332,Sst-IRES-Cre/wt;Ai32(RCL-ChR2(H134R)_EYFP)/wt
1138170499,1118327332,Sst-IRES-Cre/wt;Ai32(RCL-ChR2(H134R)_EYFP)/wt
1138170688,1118327332,Sst-IRES-Cre/wt;Ai32(RCL-ChR2(H134R)_EYFP)/wt
1138170803,1118327332,Sst-IRES-Cre/wt;Ai32(RCL-ChR2(H134R)_EYFP)/wt
1138170676,1118327332,Sst-IRES-Cre/wt;Ai32(RCL-ChR2(H134R)_EYFP)/wt
1138170674,1118327332,Sst-IRES-Cre/wt;Ai32(RCL-ChR2(H134R)_EYFP)/wt
1138170655,1118327332,Sst-IRES-Cre/wt;Ai32(RCL-ChR2(H134R)_EYFP)/wt
1138170745,1118327332,Sst-IRES-Cre/wt;Ai32(RCL-ChR2(H134R)_EYFP)/wt
1138171537,1118327332,Sst-IRES-Cre/wt;Ai32(RCL-ChR2(H134R)_EYFP)/wt
1138171372,1118327332,Sst-IRES-Cre/wt;Ai32(RCL-ChR2(H134R)_EYFP)/wt
1138171426,1118327332,Sst-IRES-Cre/wt;Ai32(RCL-ChR2(H134R)_EYFP)/wt
1138171492,1118327332,Sst-IRES-Cre/wt;Ai32(RCL-ChR2(H134R)_EYFP)/wt
1138171527,1118327332,Sst-IRES-Cre/wt;Ai32(RCL-ChR2(H134R)_EYFP)/wt
1138171477,1118327332,Sst-IRES-Cre/wt;Ai32(RCL-ChR2(H134R)_EYFP)/wt
1138171744,1118327332,Sst-IRES-Cre/wt;Ai32(RCL-ChR2(H134R)_EYFP)/wt
1138172409,1118327332,Sst-IRES-Cre/wt;Ai32(RCL-ChR2(H134R)_EYFP)/wt
1138172173,1118327332,Sst-IRES-Cre/wt;Ai32(RCL-ChR2(H134R)_EYFP)/wt
1138173209,1118327332,Sst-IRES-Cre/wt;Ai32(RCL-ChR2(H134R)_EYFP)/wt
1138172904,1118327332,Sst-IRES-Cre/wt;Ai32(RCL-ChR2(H134R)_EYFP)/wt
1138172958,1118327332,Sst-IRES-Cre/wt;Ai32(RCL-ChR2(H134R)_EYFP)/wt
1138173236,1118327332,Sst-IRES-Cre/wt;Ai32(RCL-ChR2(H134R)_EYFP)/wt
1138172960,1118327332,Sst-IRES-Cre/wt;Ai32(RCL-ChR2(H134R)_EYFP)/wt
1138173034,1118327332,Sst-IRES-Cre/wt;Ai32(RCL-ChR2(H134R)_EYFP)/wt
1138173031,1118327332,Sst-IRES-Cre/wt;Ai32(RCL-ChR2(H134R)_EYFP)/wt
1138173067,1118327332,Sst-IRES-Cre/wt;Ai32(RCL-ChR2(H134R)_EYFP)/wt
1138173532,1118327332,Sst-IRES-Cre/wt;Ai32(RCL-ChR2(H134R)_EYFP)/wt
1138173635,1118327332,Sst-IRES-Cre/wt;Ai32(RCL-ChR2(H134R)_EYFP)/wt
1138173761,1118327332,Sst-IRES-Cre/wt;Ai32(RCL-ChR2(H134R)_EYFP)/wt
1138173737,1118327332,Sst-IRES-Cre/wt;Ai32(RCL-ChR2(H134R)_EYFP)/wt
1138173655,1118327332,Sst-IRES-Cre/wt;Ai32(RCL-ChR2(H134R)_EYFP)/wt
1138173781,1118327332,Sst-IRES-Cre/wt;Ai32(RCL-ChR2(H134R)_EYFP)/wt
1138173683,1118327332,Sst-IRES-Cre/wt;Ai32(RCL-ChR2(H134R)_EYFP)/wt
1138173682,1118327332,Sst-IRES-Cre/wt;Ai32(RCL-ChR2(H134R)_EYFP)/wt
1138173678,1118327332,Sst-IRES-Cre/wt;Ai32(RCL-ChR2(H134R)_EYFP)/wt
1138173673,1118327332,Sst-IRES-Cre/wt;Ai32(RCL-ChR2(H134R)_EYFP)/wt
1138173805,1118327332,Sst-IRES-Cre/wt;Ai32(RCL-ChR2(H134R)_EYFP)/wt
1138174103,1118327332,Sst-IRES-Cre/wt;Ai32(RCL-ChR2(H134R)_EYFP)/wt
1138174119,1118327332,Sst-IRES-Cre/wt;Ai32(RCL-ChR2(H134R)_EYFP)/wt
1138174136,1118327332,Sst-IRES-Cre/wt;Ai32(RCL-ChR2(H134R)_EYFP)/wt
1138173995,1118327332,Sst-IRES-Cre/wt;Ai32(RCL-ChR2(H134R)_EYFP)/wt
1138169689,1118508667,Sst-IRES-Cre/wt;Ai32(RCL-ChR2(H134R)_EYFP)/wt
1138169586,1118508667,Sst-IRES-Cre/wt;Ai32(RCL-ChR2(H134R)_EYFP)/wt
1138169518,1118508667,Sst-IRES-Cre/wt;Ai32(RCL-ChR2(H134R)_EYFP)/wt
1138169702,1118508667,Sst-IRES-Cre/wt;Ai32(RCL-ChR2(H134R)_EYFP)/wt
1138169513,1118508667,Sst-IRES-Cre/wt;Ai32(RCL-ChR2(H134R)_EYFP)/wt
1138169505,1118508667,Sst-IRES-Cre/wt;Ai32(RCL-ChR2(H134R)_EYFP)/wt
1138169632,1118508667,Sst-IRES-Cre/wt;Ai32(RCL-ChR2(H134R)_EYFP)/wt
1138170154,1118508667,Sst-IRES-Cre/wt;Ai32(RCL-ChR2(H134R)_EYFP)/wt
1138170292,1118508667,Sst-IRES-Cre/wt;Ai32(RCL-ChR2(H134R)_EYFP)/wt
1138170228,1118508667,Sst-IRES-Cre/wt;Ai32(RCL-ChR2(H134R)_EYFP)/wt
1138170444,1118508667,Sst-IRES-Cre/wt;Ai32(RCL-ChR2(H134R)_EYFP)/wt
1138170780,1118508667,Sst-IRES-Cre/wt;Ai32(RCL-ChR2(H134R)_EYFP)/wt
1138170782,1118508667,Sst-IRES-Cre/wt;Ai32(RCL-ChR2(H134R)_EYFP)/wt
1138170812,1118508667,Sst-IRES-Cre/wt;Ai32(RCL-ChR2(H134R)_EYFP)/wt
1138170776,1118508667,Sst-IRES-Cre/wt;Ai32(RCL-ChR2(H134R)_EYFP)/wt
1138170915,1118508667,Sst-IRES-Cre/wt;Ai32(RCL-ChR2(H134R)_EYFP)/wt
1138171541,1118508667,Sst-IRES-Cre/wt;Ai32(RCL-ChR2(H134R)_EYFP)/wt
1138171511,1118508667,Sst-IRES-Cre/wt;Ai32(RCL-ChR2(H134R)_EYFP)/wt
1138171586,1118508667,Sst-IRES-Cre/wt;Ai32(RCL-ChR2(H134R)_EYFP)/wt
1138172382,1118508667,Sst-IRES-Cre/wt;Ai32(RCL-ChR2(H134R)_EYFP)/wt
1138172311,1118508667,Sst-IRES-Cre/wt;Ai32(RCL-ChR2(H134R)_EYFP)/wt
1138172466,1118508667,Sst-IRES-Cre/wt;Ai32(RCL-ChR2(H134R)_EYFP)/wt
1138172389,1118508667,Sst-IRES-Cre/wt;Ai32(RCL-ChR2(H134R)_EYFP)/wt
1138172313,1118508667,Sst-IRES-Cre/wt;Ai32(RCL-ChR2(H134R)_EYFP)/wt
1138172297,1118508667,Sst-IRES-Cre/wt;Ai32(RCL-ChR2(H134R)_EYFP)/wt
1138172291,1118508667,Sst-IRES-Cre/wt;Ai32(RCL-ChR2(H134R)_EYFP)/wt
1138172444,1118508667,Sst-IRES-Cre/wt;Ai32(RCL-ChR2(H134R)_EYFP)/wt
1138173011,1118508667,Sst-IRES-Cre/wt;Ai32(RCL-ChR2(H134R)_EYFP)/wt
1138173175,1118508667,Sst-IRES-Cre/wt;Ai32(RCL-ChR2(H134R)_EYFP)/wt
1138173265,1118508667,Sst-IRES-Cre/wt;Ai32(RCL-ChR2(H134R)_EYFP)/wt
1138173078,1118508667,Sst-IRES-Cre/wt;Ai32(RCL-ChR2(H134R)_EYFP)/wt
1138172987,1118508667,Sst-IRES-Cre/wt;Ai32(RCL-ChR2(H134R)_EYFP)/wt
1126244412,1124285719,Sst-IRES-Cre/wt;Ai32(RCL-ChR2(H134R)_EYFP)/wt
1126244508,1124285719,Sst-IRES-Cre/wt;Ai32(RCL-ChR2(H134R)_EYFP)/wt
1126244307,1124285719,Sst-IRES-Cre/wt;Ai32(RCL-ChR2(H134R)_EYFP)/wt
1126244304,1124285719,Sst-IRES-Cre/wt;Ai32(RCL-ChR2(H134R)_EYFP)/wt
1126245459,1124285719,Sst-IRES-Cre/wt;Ai32(RCL-ChR2(H134R)_EYFP)/wt
1126245289,1124285719,Sst-IRES-Cre/wt;Ai32(RCL-ChR2(H134R)_EYFP)/wt
1126245701,1124285719,Sst-IRES-Cre/wt;Ai32(RCL-ChR2(H134R)_EYFP)/wt
1126245320,1124285719,Sst-IRES-Cre/wt;Ai32(RCL-ChR2(H134R)_EYFP)/wt
1126245605,1124285719,Sst-IRES-Cre/wt;Ai32(RCL-ChR2(H134R)_EYFP)/wt
1126245302,1124285719,Sst-IRES-Cre/wt;Ai32(RCL-ChR2(H134R)_EYFP)/wt
1126246126,1124285719,Sst-IRES-Cre/wt;Ai32(RCL-ChR2(H134R)_EYFP)/wt
1126246078,1124285719,Sst-IRES-Cre/wt;Ai32(RCL-ChR2(H134R)_EYFP)/wt
1126246043,1124285719,Sst-IRES-Cre/wt;Ai32(RCL-ChR2(H134R)_EYFP)/wt
1126246365,1124285719,Sst-IRES-Cre/wt;Ai32(RCL-ChR2(H134R)_EYFP)/wt
1126246519,1124285719,Sst-IRES-Cre/wt;Ai32(RCL-ChR2(H134R)_EYFP)/wt
1126246260,1124285719,Sst-IRES-Cre/wt;Ai32(RCL-ChR2(H134R)_EYFP)/wt
1126246257,1124285719,Sst-IRES-Cre/wt;Ai32(RCL-ChR2(H134R)_EYFP)/wt
1126246354,1124285719,Sst-IRES-Cre/wt;Ai32(RCL-ChR2(H134R)_EYFP)/wt
1126246149,1124285719,Sst-IRES-Cre/wt;Ai32(RCL-ChR2(H134R)_EYFP)/wt
1126245879,1124285719,Sst-IRES-Cre/wt;Ai32(RCL-ChR2(H134R)_EYFP)/wt
1126247014,1124285719,Sst-IRES-Cre/wt;Ai32(RCL-ChR2(H134R)_EYFP)/wt
1126246676,1124285719,Sst-IRES-Cre/wt;Ai32(RCL-ChR2(H134R)_EYFP)/wt
1126246977,1124285719,Sst-IRES-Cre/wt;Ai32(RCL-ChR2(H134R)_EYFP)/wt
1126246883,1124285719,Sst-IRES-Cre/wt;Ai32(RCL-ChR2(H134R)_EYFP)/wt
1126246714,1124285719,Sst-IRES-Cre/wt;Ai32(RCL-ChR2(H134R)_EYFP)/wt
1126247815,1124285719,Sst-IRES-Cre/wt;Ai32(RCL-ChR2(H134R)_EYFP)/wt
1126247577,1124285719,Sst-IRES-Cre/wt;Ai32(RCL-ChR2(H134R)_EYFP)/wt
1126247738,1124285719,Sst-IRES-Cre/wt;Ai32(RCL-ChR2(H134R)_EYFP)/wt
1126247876,1124285719,Sst-IRES-Cre/wt;Ai32(RCL-ChR2(H134R)_EYFP)/wt
1126247592,1124285719,Sst-IRES-Cre/wt;Ai32(RCL-ChR2(H134R)_EYFP)/wt
1126247579,1124285719,Sst-IRES-Cre/wt;Ai32(RCL-ChR2(H134R)_EYFP)/wt
1126247597,1124285719,Sst-IRES-Cre/wt;Ai32(RCL-ChR2(H134R)_EYFP)/wt
1126248553,1124285719,Sst-IRES-Cre/wt;Ai32(RCL-ChR2(H134R)_EYFP)/wt
1126248642,1124285719,Sst-IRES-Cre/wt;Ai32(RCL-ChR2(H134R)_EYFP)/wt
1126242045,1124507277,Sst-IRES-Cre/wt;Ai32(RCL-ChR2(H134R)_EYFP)/wt
1126241920,1124507277,Sst-IRES-Cre/wt;Ai32(RCL-ChR2(H134R)_EYFP)/wt
1126242024,1124507277,Sst-IRES-Cre/wt;Ai32(RCL-ChR2(H134R)_EYFP)/wt
1126242181,1124507277,Sst-IRES-Cre/wt;Ai32(RCL-ChR2(H134R)_EYFP)/wt
1126242200,1124507277,Sst-IRES-Cre/wt;Ai32(RCL-ChR2(H134R)_EYFP)/wt
1126241966,1124507277,Sst-IRES-Cre/wt;Ai32(RCL-ChR2(H134R)_EYFP)/wt
1126243661,1124507277,Sst-IRES-Cre/wt;Ai32(RCL-ChR2(H134R)_EYFP)/wt
1126243294,1124507277,Sst-IRES-Cre/wt;Ai32(RCL-ChR2(H134R)_EYFP)/wt
1126242943,1124507277,Sst-IRES-Cre/wt;Ai32(RCL-ChR2(H134R)_EYFP)/wt
1126243768,1124507277,Sst-IRES-Cre/wt;Ai32(RCL-ChR2(H134R)_EYFP)/wt
1126243433,1124507277,Sst-IRES-Cre/wt;Ai32(RCL-ChR2(H134R)_EYFP)/wt
1126243996,1124507277,Sst-IRES-Cre/wt;Ai32(RCL-ChR2(H134R)_EYFP)/wt
1126244338,1124507277,Sst-IRES-Cre/wt;Ai32(RCL-ChR2(H134R)_EYFP)/wt
1126244272,1124507277,Sst-IRES-Cre/wt;Ai32(RCL-ChR2(H134R)_EYFP)/wt
1126244115,1124507277,Sst-IRES-Cre/wt;Ai32(RCL-ChR2(H134R)_EYFP)/wt
1126244360,1124507277,Sst-IRES-Cre/wt;Ai32(RCL-ChR2(H134R)_EYFP)/wt
1126245421,1124507277,Sst-IRES-Cre/wt;Ai32(RCL-ChR2(H134R)_EYFP)/wt
1126245523,1124507277,Sst-IRES-Cre/wt;Ai32(RCL-ChR2(H134R)_EYFP)/wt
1126245368,1124507277,Sst-IRES-Cre/wt;Ai32(RCL-ChR2(H134R)_EYFP)/wt
1126245487,1124507277,Sst-IRES-Cre/wt;Ai32(RCL-ChR2(H134R)_EYFP)/wt
1126245360,1124507277,Sst-IRES-Cre/wt;Ai32(RCL-ChR2(H134R)_EYFP)/wt
1126247168,1124507277,Sst-IRES-Cre/wt;Ai32(RCL-ChR2(H134R)_EYFP)/wt
1126246697,1124507277,Sst-IRES-Cre/wt;Ai32(RCL-ChR2(H134R)_EYFP)/wt
1126246646,1124507277,Sst-IRES-Cre/wt;Ai32(RCL-ChR2(H134R)_EYFP)/wt
1126246508,1124507277,Sst-IRES-Cre/wt;Ai32(RCL-ChR2(H134R)_EYFP)/wt
1126246558,1124507277,Sst-IRES-Cre/wt;Ai32(RCL-ChR2(H134R)_EYFP)/wt
1126247810,1124507277,Sst-IRES-Cre/wt;Ai32(RCL-ChR2(H134R)_EYFP)/wt
1126248087,1124507277,Sst-IRES-Cre/wt;Ai32(RCL-ChR2(H134R)_EYFP)/wt
1126248084,1124507277,Sst-IRES-Cre/wt;Ai32(RCL-ChR2(H134R)_EYFP)/wt
1126247887,1124507277,Sst-IRES-Cre/wt;Ai32(RCL-ChR2(H134R)_EYFP)/wt
1126248320,1124507277,Sst-IRES-Cre/wt;Ai32(RCL-ChR2(H134R)_EYFP)/wt
1126248035,1124507277,Sst-IRES-Cre/wt;Ai32(RCL-ChR2(H134R)_EYFP)/wt
1126248007,1124507277,Sst-IRES-Cre/wt;Ai32(RCL-ChR2(H134R)_EYFP)/wt
1126248116,1124507277,Sst-IRES-Cre/wt;Ai32(RCL-ChR2(H134R)_EYFP)/wt
1138149228,1125713722,Sst-IRES-Cre/wt;Ai32(RCL-ChR2(H134R)_EYFP)/wt
1138149176,1125713722,Sst-IRES-Cre/wt;Ai32(RCL-ChR2(H134R)_EYFP)/wt
1138149230,1125713722,Sst-IRES-Cre/wt;Ai32(RCL-ChR2(H134R)_EYFP)/wt
1138149243,1125713722,Sst-IRES-Cre/wt;Ai32(RCL-ChR2(H134R)_EYFP)/wt
1138149559,1125713722,Sst-IRES-Cre/wt;Ai32(RCL-ChR2(H134R)_EYFP)/wt
1138149452,1125713722,Sst-IRES-Cre/wt;Ai32(RCL-ChR2(H134R)_EYFP)/wt
1138149551,1125713722,Sst-IRES-Cre/wt;Ai32(RCL-ChR2(H134R)_EYFP)/wt
1138149469,1125713722,Sst-IRES-Cre/wt;Ai32(RCL-ChR2(H134R)_EYFP)/wt
1138149454,1125713722,Sst-IRES-Cre/wt;Ai32(RCL-ChR2(H134R)_EYFP)/wt
1138149437,1125713722,Sst-IRES-Cre/wt;Ai32(RCL-ChR2(H134R)_EYFP)/wt
1138149649,1125713722,Sst-IRES-Cre/wt;Ai32(RCL-ChR2(H134R)_EYFP)/wt
1138149610,1125713722,Sst-IRES-Cre/wt;Ai32(RCL-ChR2(H134R)_EYFP)/wt
1138149564,1125713722,Sst-IRES-Cre/wt;Ai32(RCL-ChR2(H134R)_EYFP)/wt
1138149463,1125713722,Sst-IRES-Cre/wt;Ai32(RCL-ChR2(H134R)_EYFP)/wt
1138149616,1125713722,Sst-IRES-Cre/wt;Ai32(RCL-ChR2(H134R)_EYFP)/wt
1138149409,1125713722,Sst-IRES-Cre/wt;Ai32(RCL-ChR2(H134R)_EYFP)/wt
1138149482,1125713722,Sst-IRES-Cre/wt;Ai32(RCL-ChR2(H134R)_EYFP)/wt
1138149480,1125713722,Sst-IRES-Cre/wt;Ai32(RCL-ChR2(H134R)_EYFP)/wt
1138149404,1125713722,Sst-IRES-Cre/wt;Ai32(RCL-ChR2(H134R)_EYFP)/wt
1138149855,1125713722,Sst-IRES-Cre/wt;Ai32(RCL-ChR2(H134R)_EYFP)/wt
1138149872,1125713722,Sst-IRES-Cre/wt;Ai32(RCL-ChR2(H134R)_EYFP)/wt
1138150162,1125713722,Sst-IRES-Cre/wt;Ai32(RCL-ChR2(H134R)_EYFP)/wt
1138150216,1125713722,Sst-IRES-Cre/wt;Ai32(RCL-ChR2(H134R)_EYFP)/wt
1138150254,1125713722,Sst-IRES-Cre/wt;Ai32(RCL-ChR2(H134R)_EYFP)/wt
1138150198,1125713722,Sst-IRES-Cre/wt;Ai32(RCL-ChR2(H134R)_EYFP)/wt
1138150245,1125713722,Sst-IRES-Cre/wt;Ai32(RCL-ChR2(H134R)_EYFP)/wt
1138149997,1125713722,Sst-IRES-Cre/wt;Ai32(RCL-ChR2(H134R)_EYFP)/wt
1138150154,1125713722,Sst-IRES-Cre/wt;Ai32(RCL-ChR2(H134R)_EYFP)/wt
1138150221,1125713722,Sst-IRES-Cre/wt;Ai32(RCL-ChR2(H134R)_EYFP)/wt
1138150213,1125713722,Sst-IRES-Cre/wt;Ai32(RCL-ChR2(H134R)_EYFP)/wt
1138150142,1125713722,Sst-IRES-Cre/wt;Ai32(RCL-ChR2(H134R)_EYFP)/wt
1138150778,1125713722,Sst-IRES-Cre/wt;Ai32(RCL-ChR2(H134R)_EYFP)/wt
1138150600,1125713722,Sst-IRES-Cre/wt;Ai32(RCL-ChR2(H134R)_EYFP)/wt
1138150596,1125713722,Sst-IRES-Cre/wt;Ai32(RCL-ChR2(H134R)_EYFP)/wt
1138150436,1125713722,Sst-IRES-Cre/wt;Ai32(RCL-ChR2(H134R)_EYFP)/wt
1138150645,1125713722,Sst-IRES-Cre/wt;Ai32(RCL-ChR2(H134R)_EYFP)/wt
1138150547,1125713722,Sst-IRES-Cre/wt;Ai32(RCL-ChR2(H134R)_EYFP)/wt
1138150720,1125713722,Sst-IRES-Cre/wt;Ai32(RCL-ChR2(H134R)_EYFP)/wt
1138150599,1125713722,Sst-IRES-Cre/wt;Ai32(RCL-ChR2(H134R)_EYFP)/wt
1138150556,1125713722,Sst-IRES-Cre/wt;Ai32(RCL-ChR2(H134R)_EYFP)/wt
1138150597,1125713722,Sst-IRES-Cre/wt;Ai32(RCL-ChR2(H134R)_EYFP)/wt
1138150569,1125713722,Sst-IRES-Cre/wt;Ai32(RCL-ChR2(H134R)_EYFP)/wt
1138150595,1125713722,Sst-IRES-Cre/wt;Ai32(RCL-ChR2(H134R)_EYFP)/wt
1138150598,1125713722,Sst-IRES-Cre/wt;Ai32(RCL-ChR2(H134R)_EYFP)/wt
1138151044,1125713722,Sst-IRES-Cre/wt;Ai32(RCL-ChR2(H134R)_EYFP)/wt
1138150957,1125713722,Sst-IRES-Cre/wt;Ai32(RCL-ChR2(H134R)_EYFP)/wt
1138150991,1125713722,Sst-IRES-Cre/wt;Ai32(RCL-ChR2(H134R)_EYFP)/wt
1138151005,1125713722,Sst-IRES-Cre/wt;Ai32(RCL-ChR2(H134R)_EYFP)/wt
1138150984,1125713722,Sst-IRES-Cre/wt;Ai32(RCL-ChR2(H134R)_EYFP)/wt
1138150963,1125713722,Sst-IRES-Cre/wt;Ai32(RCL-ChR2(H134R)_EYFP)/wt
1138151037,1125713722,Sst-IRES-Cre/wt;Ai32(RCL-ChR2(H134R)_EYFP)/wt
1138151075,1125713722,Sst-IRES-Cre/wt;Ai32(RCL-ChR2(H134R)_EYFP)/wt
1138151105,1125713722,Sst-IRES-Cre/wt;Ai32(RCL-ChR2(H134R)_EYFP)/wt
1138150945,1125713722,Sst-IRES-Cre/wt;Ai32(RCL-ChR2(H134R)_EYFP)/wt
1138150976,1125713722,Sst-IRES-Cre/wt;Ai32(RCL-ChR2(H134R)_EYFP)/wt
1138180422,1125937457,Sst-IRES-Cre/wt;Ai32(RCL-ChR2(H134R)_EYFP)/wt
1138180381,1125937457,Sst-IRES-Cre/wt;Ai32(RCL-ChR2(H134R)_EYFP)/wt
1138180425,1125937457,Sst-IRES-Cre/wt;Ai32(RCL-ChR2(H134R)_EYFP)/wt
1138180377,1125937457,Sst-IRES-Cre/wt;Ai32(RCL-ChR2(H134R)_EYFP)/wt
1138180916,1125937457,Sst-IRES-Cre/wt;Ai32(RCL-ChR2(H134R)_EYFP)/wt
1138180878,1125937457,Sst-IRES-Cre/wt;Ai32(RCL-ChR2(H134R)_EYFP)/wt
1138180970,1125937457,Sst-IRES-Cre/wt;Ai32(RCL-ChR2(H134R)_EYFP)/wt
1138180973,1125937457,Sst-IRES-Cre/wt;Ai32(RCL-ChR2(H134R)_EYFP)/wt
1138181113,1125937457,Sst-IRES-Cre/wt;Ai32(RCL-ChR2(H134R)_EYFP)/wt
1138181131,1125937457,Sst-IRES-Cre/wt;Ai32(RCL-ChR2(H134R)_EYFP)/wt
1138181405,1125937457,Sst-IRES-Cre/wt;Ai32(RCL-ChR2(H134R)_EYFP)/wt
1138181608,1125937457,Sst-IRES-Cre/wt;Ai32(RCL-ChR2(H134R)_EYFP)/wt
1138181507,1125937457,Sst-IRES-Cre/wt;Ai32(RCL-ChR2(H134R)_EYFP)/wt
1138181746,1125937457,Sst-IRES-Cre/wt;Ai32(RCL-ChR2(H134R)_EYFP)/wt
1138182301,1125937457,Sst-IRES-Cre/wt;Ai32(RCL-ChR2(H134R)_EYFP)/wt
1138182294,1125937457,Sst-IRES-Cre/wt;Ai32(RCL-ChR2(H134R)_EYFP)/wt
1138182260,1125937457,Sst-IRES-Cre/wt;Ai32(RCL-ChR2(H134R)_EYFP)/wt
1138182154,1125937457,Sst-IRES-Cre/wt;Ai32(RCL-ChR2(H134R)_EYFP)/wt
1138182414,1125937457,Sst-IRES-Cre/wt;Ai32(RCL-ChR2(H134R)_EYFP)/wt
1138182391,1125937457,Sst-IRES-Cre/wt;Ai32(RCL-ChR2(H134R)_EYFP)/wt
1138182502,1125937457,Sst-IRES-Cre/wt;Ai32(RCL-ChR2(H134R)_EYFP)/wt
1138182181,1125937457,Sst-IRES-Cre/wt;Ai32(RCL-ChR2(H134R)_EYFP)/wt
1138183029,1125937457,Sst-IRES-Cre/wt;Ai32(RCL-ChR2(H134R)_EYFP)/wt
1138182854,1125937457,Sst-IRES-Cre/wt;Ai32(RCL-ChR2(H134R)_EYFP)/wt
1138182811,1125937457,Sst-IRES-Cre/wt;Ai32(RCL-ChR2(H134R)_EYFP)/wt
1138182918,1125937457,Sst-IRES-Cre/wt;Ai32(RCL-ChR2(H134R)_EYFP)/wt
1138182977,1125937457,Sst-IRES-Cre/wt;Ai32(RCL-ChR2(H134R)_EYFP)/wt
1138182961,1125937457,Sst-IRES-Cre/wt;Ai32(RCL-ChR2(H134R)_EYFP)/wt
1138182959,1125937457,Sst-IRES-Cre/wt;Ai32(RCL-ChR2(H134R)_EYFP)/wt
1138183391,1125937457,Sst-IRES-Cre/wt;Ai32(RCL-ChR2(H134R)_EYFP)/wt
1138183528,1125937457,Sst-IRES-Cre/wt;Ai32(RCL-ChR2(H134R)_EYFP)/wt
1138183362,1125937457,Sst-IRES-Cre/wt;Ai32(RCL-ChR2(H134R)_EYFP)/wt
1138183269,1125937457,Sst-IRES-Cre/wt;Ai32(RCL-ChR2(H134R)_EYFP)/wt
1138183325,1125937457,Sst-IRES-Cre/wt;Ai32(RCL-ChR2(H134R)_EYFP)/wt
1138183286,1125937457,Sst-IRES-Cre/wt;Ai32(RCL-ChR2(H134R)_EYFP)/wt
1138183279,1125937457,Sst-IRES-Cre/wt;Ai32(RCL-ChR2(H134R)_EYFP)/wt
1138183396,1125937457,Sst-IRES-Cre/wt;Ai32(RCL-ChR2(H134R)_EYFP)/wt
1138183271,1125937457,Sst-IRES-Cre/wt;Ai32(RCL-ChR2(H134R)_EYFP)/wt
1154604090,1152632711,Vip-IRES-Cre/wt;Ai32(RCL-ChR2(H134R)_EYFP)/wt
1154604404,1152632711,Vip-IRES-Cre/wt;Ai32(RCL-ChR2(H134R)_EYFP)/wt
1154604587,1152632711,Vip-IRES-Cre/wt;Ai32(RCL-ChR2(H134R)_EYFP)/wt
1154608008,1152811536,Vip-IRES-Cre/wt;Ai32(RCL-ChR2(H134R)_EYFP)/wt
1154608106,1152811536,Vip-IRES-Cre/wt;Ai32(RCL-ChR2(H134R)_EYFP)/wt
1154608182,1152811536,Vip-IRES-Cre/wt;Ai32(RCL-ChR2(H134R)_EYFP)/wt
1154608780,1152811536,Vip-IRES-Cre/wt;Ai32(RCL-ChR2(H134R)_EYFP)/wt
