session,depths
1047969464,1609
1047969464,1539
1047969464,1469
1047969464,1399
1047969464,1330
1047969464,1261
1047969464,1202
1047969464,1134
1047969464,1066
1047969464,999
1047969464,934
1047969464,870
1047969464,807
1047969464,745
1047969464,711
1047969464,685
1048189115,1518
1048189115,1469
1048189115,1410
1048189115,1351
1048189115,1303
1048189115,1245
1048189115,1196
1048189115,1139
1048189115,1082
1048189115,1035
1048189115,979
1048189115,924
1048189115,878
1048189115,825
1048189115,772
1048189115,728
1048189115,677
1048189115,634
1049273528,1881
1049273528,1825
1049273528,1768
1049273528,1712
1049273528,1656
1049273528,1599
1049273528,1543
1049273528,1498
1049273528,1442
1049273528,1386
1049273528,1331
1049273528,1276
1049273528,1222
1049273528,1179
1049273528,1126
1049273528,1073
1049273528,1022
1049273528,971
1049273528,920
1049273528,871
1049273528,832
1049273528,784
1049514117,1813
1049514117,1769
1049514117,1715
1049514117,1671
1049514117,1617
1049514117,1574
1049514117,1520
1049514117,1477
1049514117,1424
1049514117,1371
1049514117,1329
1049514117,1276
1049514117,1235
1049514117,1183
1049514117,1142
1049514117,1092
1049514117,1042
1049514117,1002
1049514117,953
1049514117,914
1049514117,866
1049514117,828
1049514117,781
1051155866,1501
1051155866,1450
1051155866,1409
1051155866,1369
1051155866,1318
1051155866,1278
1051155866,1227
1051155866,1187
1051155866,1147
1051155866,1098
1051155866,1059
1051155866,1011
1051155866,973
1051155866,925
1051155866,888
1051155866,851
1051155866,806
1051155866,770
1051155866,726
1051155866,691
1051155866,649
1051155866,615
1051155866,582
1051155866,540
1044385384,1517
1044385384,1466
1044385384,1415
1044385384,1364
1044385384,1313
1044385384,1262
1044385384,1222
1044385384,1172
1044385384,1121
1044385384,1071
1044385384,1022
1044385384,972
1044385384,924
1044385384,885
1044385384,837
1044385384,789
1044385384,742
1044385384,695
1044385384,649
1044385384,603
1044594870,1506
1044594870,1455
1044594870,1403
1044594870,1352
1044594870,1301
1044594870,1240
1044594870,1189
1044594870,1139
1044594870,1089
1044594870,1039
1044594870,980
1044594870,931
1044594870,882
1044594870,834
1044594870,786
1044594870,739
1044594870,683
1044594870,646
1044594870,609
1047977240,1593
1047977240,1541
1047977240,1490
1047977240,1440
1047977240,1389
1047977240,1349
1047977240,1300
1047977240,1251
1047977240,1202
1047977240,1154
1047977240,1116
1047977240,1068
1047977240,1022
1047977240,976
1047977240,931
1047977240,895
1047977240,850
1047977240,807
1047977240,764
1047977240,730
1047977240,688
1047977240,646
1048196054,1469
1048196054,1409
1048196054,1361
1048196054,1312
1048196054,1264
1048196054,1217
1048196054,1161
1048196054,1114
1048196054,1068
1048196054,1023
1048196054,978
1048196054,924
1048196054,880
1048196054,837
1048196054,793
1048196054,751
1048196054,708
1048196054,658
1048196054,616
1048196054,575
1048196054,534
1053718935,1663
1053718935,1606
1053718935,1538
1053718935,1482
1053718935,1415
1053718935,1361
1053718935,1307
1053718935,1243
1053718935,1191
1053718935,1129
1053718935,1078
1053718935,1018
1053718935,969
1053718935,921
1053718935,864
1053718935,817
1053718935,762
1053718935,716
1053718935,671
1053941483,1666
1053941483,1597
1053941483,1541
1053941483,1485
1053941483,1418
1053941483,1364
1053941483,1310
1053941483,1256
1053941483,1194
1053941483,1142
1053941483,1091
1053941483,1041
1053941483,982
1053941483,934
1053941483,887
1053941483,840
1053941483,785
1053941483,740
1053941483,695
1053941483,642
1052342277,1520
1052342277,1466
1052342277,1412
1052342277,1367
1052342277,1312
1052342277,1258
1052342277,1204
1052342277,1159
1052342277,1105
1052342277,1051
1052342277,997
1052342277,953
1052342277,900
1052342277,847
1052342277,795
1052342277,751
1052342277,700
1052342277,649
1052342277,598
1052533639,1461
1052533639,1426
1052533639,1381
1052533639,1346
1052533639,1301
1052533639,1265
1052533639,1221
1052533639,1185
1052533639,1141
1052533639,1105
1052533639,1061
1052533639,1025
1052533639,981
1052533639,946
1052533639,902
1052533639,867
1052533639,824
1052533639,789
1052533639,746
1052533639,712
1052533639,670
1052533639,636
1052533639,594
1053709239,1731
1053709239,1685
1053709239,1628
1053709239,1582
1053709239,1536
1053709239,1479
1053709239,1434
1053709239,1377
1053709239,1332
1053709239,1287
1053709239,1231
1053709239,1187
1053709239,1132
1053709239,1089
1053709239,1046
1053709239,993
1053709239,952
1053709239,911
1053709239,860
1053709239,820
1053709239,771
1053709239,733
1053709239,695
1053709239,648
1053925378,1686
1053925378,1621
1053925378,1566
1053925378,1512
1053925378,1458
1053925378,1404
1053925378,1350
1053925378,1286
1053925378,1233
1053925378,1181
1053925378,1129
1053925378,1078
1053925378,1018
1053925378,969
1053925378,920
1053925378,872
1053925378,825
1053925378,769
1053925378,723
1053925378,678
1053925378,634
1055221968,1507
1055221968,1448
1055221968,1398
1055221968,1339
1055221968,1290
1055221968,1242
1055221968,1185
1055221968,1137
1055221968,1081
1055221968,1034
1055221968,988
1055221968,933
1055221968,888
1055221968,844
1055221968,791
1055221968,747
1055221968,696
1055221968,653
1055403683,1454
1055403683,1404
1055403683,1355
1055403683,1305
1055403683,1256
1055403683,1208
1055403683,1159
1055403683,1112
1055403683,1064
1055403683,1017
1055403683,971
1055403683,925
1055403683,889
1055403683,844
1055403683,800
1055403683,756
1055403683,712
1055403683,669
1055403683,627
1055403683,585
1055240613,1902
1055240613,1850
1055240613,1797
1055240613,1745
1055240613,1693
1055240613,1641
1055240613,1590
1055240613,1538
1055240613,1487
1055240613,1436
1055240613,1386
1055240613,1335
1055240613,1285
1055240613,1236
1055240613,1186
1055240613,1137
1055240613,1089
1055240613,1040
1055240613,992
1055240613,944
1055240613,897
1055415082,1855
1055415082,1813
1055415082,1760
1055415082,1718
1055415082,1666
1055415082,1613
1055415082,1572
1055415082,1520
1055415082,1468
1055415082,1427
1055415082,1376
1055415082,1335
1055415082,1285
1055415082,1235
1055415082,1195
1055415082,1145
1055415082,1106
1055415082,1057
1055415082,1008
1055415082,969
1055415082,921
1055415082,874
1064415305,1803
1064415305,1741
1064415305,1692
1064415305,1632
1064415305,1572
1064415305,1512
1064415305,1453
1064415305,1395
1064415305,1338
1064415305,1281
1064415305,1225
1064415305,1169
1064415305,1114
1064415305,1059
1064415305,1006
1064415305,952
1064415305,910
1064415305,857
1064415305,806
1064415305,754
1064415305,703
1064639378,1915
1064639378,1856
1064639378,1797
1064639378,1726
1064639378,1667
1064639378,1609
1064639378,1551
1064639378,1494
1064639378,1437
1064639378,1369
1064639378,1313
1064639378,1257
1064639378,1202
1064639378,1148
1064639378,1093
1064639378,1029
1064639378,976
1064639378,923
1064639378,870
1064639378,818
1062755779,1278
1062755779,1227
1062755779,1176
1062755779,1126
1062755779,1077
1062755779,1028
1062755779,979
1062755779,931
1062755779,883
1062755779,835
1062755779,787
1062755779,740
1062755779,692
1062755779,645
1062755779,597
1063010385,1484
1063010385,1435
1063010385,1395
1063010385,1346
1063010385,1298
1063010385,1250
1063010385,1203
1063010385,1156
1063010385,1120
1063010385,1074
1063010385,1029
1063010385,985
1063010385,942
1063010385,907
1063010385,865
1063010385,823
1063010385,782
1063010385,742
1063010385,702
1063010385,671
1063010385,632
1063010385,594
1063010385,556
1065437523,1639
1065437523,1584
1065437523,1528
1065437523,1473
1065437523,1418
1065437523,1364
1065437523,1310
1065437523,1256
1065437523,1203
1065437523,1151
1065437523,1099
1065437523,1048
1065437523,997
1065437523,947
1065437523,898
1065437523,850
1065437523,802
1065437523,755
1065437523,708
1065437523,663
1065437523,617
1065437523,572
1065905010,1588
1065905010,1535
1065905010,1482
1065905010,1430
1065905010,1378
1065905010,1316
1065905010,1265
1065905010,1214
1065905010,1164
1065905010,1114
1065905010,1055
1065905010,1007
1065905010,959
1065905010,912
1065905010,865
1065905010,809
1065905010,764
1065905010,719
1065905010,674
1065905010,629
1064400234,1506
1064400234,1457
1064400234,1408
1064400234,1359
1064400234,1311
1064400234,1262
1064400234,1214
1064400234,1165
1064400234,1117
1064400234,1069
1064400234,1021
1064400234,964
1064400234,915
1064400234,867
1064400234,819
1064400234,771
1064400234,722
1064400234,673
1064400234,625
1064644573,1620
1064644573,1571
1064644573,1523
1064644573,1484
1064644573,1436
1064644573,1388
1064644573,1340
1064644573,1302
1064644573,1254
1064644573,1206
1064644573,1168
1064644573,1120
1064644573,1072
1064644573,1034
1064644573,986
1064644573,938
1064644573,890
1064644573,851
1064644573,803
1064644573,754
1064644573,715
1067588044,1636
1067588044,1587
1067588044,1549
1067588044,1502
1067588044,1464
1067588044,1418
1067588044,1372
1067588044,1336
1067588044,1291
1067588044,1255
1067588044,1211
1067588044,1167
1067588044,1132
1067588044,1089
1067588044,1054
1067588044,1012
1067588044,978
1067588044,936
1067588044,894
1067588044,861
1067588044,819
1067588044,786
1067781390,1616
1067781390,1577
1067781390,1528
1067781390,1490
1067781390,1442
1067781390,1404
1067781390,1357
1067781390,1320
1067781390,1275
1067781390,1238
1067781390,1193
1067781390,1149
1067781390,1114
1067781390,1070
1067781390,1036
1067781390,993
1067781390,959
1067781390,917
1067781390,883
1067781390,842
1067781390,809
1067781390,768
1065449881,1794
1065449881,1738
1065449881,1693
1065449881,1649
1065449881,1594
1065449881,1550
1065449881,1496
1065449881,1453
1065449881,1410
1065449881,1358
1065449881,1316
1065449881,1265
1065449881,1224
1065449881,1184
1065449881,1135
1065449881,1096
1065449881,1048
1065449881,1010
1065449881,972
1065449881,926
1065449881,890
1065449881,845
1065908084,1729
1065908084,1681
1065908084,1621
1065908084,1574
1065908084,1516
1065908084,1470
1065908084,1414
1065908084,1369
1065908084,1326
1065908084,1272
1065908084,1229
1065908084,1177
1065908084,1137
1065908084,1086
1065908084,1047
1065908084,998
1065908084,960
1065908084,922
1065908084,876
1065908084,840
1065908084,795
1071300149,1855
1071300149,1791
1071300149,1728
1071300149,1665
1071300149,1603
1071300149,1541
1071300149,1481
1071300149,1422
1071300149,1365
1071300149,1308
1071300149,1253
1071300149,1210
1071300149,1157
1071300149,1105
1071300149,1055
1071300149,1006
1071300149,958
1071300149,911
1071300149,865
1071300149,821
1071300149,777
1071300149,734
1081079981,1486
1081079981,1428
1081079981,1371
1081079981,1325
1081079981,1268
1081079981,1211
1081079981,1167
1081079981,1111
1081079981,1057
1081079981,1014
1081079981,961
1081079981,919
1081079981,868
1081079981,817
1081079981,778
1081079981,729
1081079981,682
1081079981,644
1081079981,599
1081079981,563
1081429294,1476
1081429294,1419
1081429294,1362
1081429294,1316
1081429294,1260
1081429294,1205
1081429294,1150
1081429294,1095
1081429294,1042
1081429294,989
1081429294,937
1081429294,897
1081429294,846
1081429294,797
1081429294,749
1081429294,702
1081429294,655
1081429294,610
1081429294,565
1081090969,1850
1081090969,1792
1081090969,1734
1081090969,1667
1081090969,1611
1081090969,1556
1081090969,1491
1081090969,1437
1081090969,1385
1081090969,1322
1081090969,1271
1081090969,1220
1081090969,1160
1081090969,1110
1081090969,1051
1081090969,1003
1081090969,955
1081090969,897
1081090969,850
1081090969,804
1081431006,1906
1081431006,1836
1081431006,1778
1081431006,1721
1081431006,1653
1081431006,1597
1081431006,1542
1081431006,1477
1081431006,1424
1081431006,1371
1081431006,1308
1081431006,1257
1081431006,1206
1081431006,1145
1081431006,1096
1081431006,1047
1081431006,988
1081431006,940
1081431006,892
1081431006,836
1093642839,2007
1093642839,1956
1093642839,1916
1093642839,1864
1093642839,1813
1093642839,1773
1093642839,1722
1093642839,1671
1093642839,1630
1093642839,1579
1093642839,1529
1093642839,1489
1093642839,1439
1093642839,1389
1093642839,1340
1093642839,1300
1093642839,1252
1093642839,1204
1093642839,1165
1093642839,1118
1093642839,1071
1093642839,1034
1093642839,988
1090803859,1564
1090803859,1498
1090803859,1444
1090803859,1380
1090803859,1316
1090803859,1264
1090803859,1202
1090803859,1142
1090803859,1082
1090803859,1033
1090803859,976
1090803859,919
1090803859,873
1090803859,819
1090803859,766
1090803859,714
1090803859,671
1090803859,621
1091039376,1616
1091039376,1558
1091039376,1501
1091039376,1432
1091039376,1375
1091039376,1319
1091039376,1263
1091039376,1197
1091039376,1143
1091039376,1089
1091039376,1037
1091039376,976
1091039376,926
1091039376,877
1091039376,830
1091039376,783
1091039376,729
1091039376,685
1091039376,642
1091039376,599
1090800639,1743
1090800639,1691
1090800639,1639
1090800639,1576
1090800639,1524
1090800639,1472
1090800639,1421
1090800639,1360
1090800639,1309
1090800639,1259
1090800639,1210
1090800639,1151
1090800639,1103
1090800639,1056
1090800639,1009
1090800639,962
1090800639,907
1090800639,862
1090800639,817
1090800639,772
1091039902,1718
1091039902,1664
1091039902,1611
1091039902,1558
1091039902,1504
1091039902,1452
1091039902,1410
1091039902,1357
1091039902,1306
1091039902,1254
1091039902,1204
1091039902,1154
1091039902,1115
1091039902,1066
1091039902,1018
1091039902,971
1091039902,925
1091039902,879
1091039902,834
1091039902,798
1091039902,754
1087720624,1567
1087720624,1490
1087720624,1414
1087720624,1338
1087720624,1264
1087720624,1191
1087720624,1108
1087720624,1037
1087720624,968
1087720624,899
1087720624,832
1087720624,765
1087720624,700
1087992708,1570
1087992708,1504
1087992708,1428
1087992708,1363
1087992708,1299
1087992708,1235
1087992708,1173
1087992708,1101
1087992708,1040
1087992708,980
1087992708,921
1087992708,863
1087992708,796
1087992708,740
1087992708,684
1089296550,1993
1089296550,1926
1089296550,1858
1089296550,1790
1089296550,1722
1089296550,1654
1089296550,1585
1089296550,1517
1089296550,1449
1089296550,1382
1089296550,1316
1089296550,1250
1089296550,1185
1089296550,1121
1089296550,1058
1089296550,996
1089296550,936
1089296550,876
1096620314,1431
1096620314,1388
1096620314,1335
1096620314,1282
1096620314,1229
1096620314,1178
1096620314,1137
1096620314,1086
1096620314,1036
1096620314,986
1096620314,947
1096620314,899
1096620314,852
1096620314,805
1096620314,759
1096620314,722
1096620314,677
1096620314,633
1096620314,589
1096620314,554
1096620314,512
1096935816,1458
1096935816,1403
1096935816,1360
1096935816,1307
1096935816,1254
1096935816,1201
1096935816,1160
1096935816,1108
1096935816,1057
1096935816,1017
1096935816,967
1096935816,918
1096935816,870
1096935816,832
1096935816,785
1096935816,738
1096935816,692
1096935816,656
1096935816,611
1096935816,567
1096935816,532
1092283837,1686
1092283837,1634
1092283837,1593
1092283837,1542
1092283837,1501
1092283837,1450
1092283837,1409
1092283837,1359
1092283837,1320
1092283837,1270
1092283837,1232
1092283837,1183
1092283837,1146
1092283837,1099
1092283837,1053
1092283837,1016
1092283837,971
1092283837,936
1092283837,892
1092283837,857
1092283837,814
1092283837,781
1092466205,1719
1092466205,1669
1092466205,1619
1092466205,1569
1092466205,1519
1092466205,1479
1092466205,1430
1092466205,1382
1092466205,1334
1092466205,1286
1092466205,1240
1092466205,1193
1092466205,1148
1092466205,1112
1092466205,1067
1092466205,1023
1092466205,980
1092466205,937
1092466205,895
1092466205,853
1092466205,812
1104052767,1483
1104052767,1436
1104052767,1390
1104052767,1343
1104052767,1296
1104052767,1249
1104052767,1212
1104052767,1165
1104052767,1118
1104052767,1072
1104052767,1025
1104052767,978
1104052767,932
1104052767,886
1104052767,840
1104052767,794
1104052767,757
1104052767,712
1104052767,666
1104052767,621
1104297538,1470
1104297538,1422
1104297538,1374
1104297538,1317
1104297538,1269
1104297538,1221
1104297538,1173
1104297538,1116
1104297538,1068
1104297538,1020
1104297538,973
1104297538,916
1104297538,869
1104297538,821
1104297538,775
1104297538,719
1104297538,673
1104297538,626
1104297538,581
1098119201,1790
1098119201,1742
1098119201,1682
1098119201,1634
1098119201,1574
1098119201,1526
1098119201,1467
1098119201,1419
1098119201,1371
1098119201,1313
1098119201,1266
1098119201,1208
1098119201,1163
1098119201,1118
1098119201,1063
1098119201,1019
1098119201,966
1098119201,924
1098119201,882
1098119201,831
1098119201,792
1104058216,1665
1104058216,1621
1104058216,1566
1104058216,1522
1104058216,1477
1104058216,1422
1104058216,1377
1104058216,1322
1104058216,1278
1104058216,1223
1104058216,1180
1104058216,1137
1104058216,1083
1104058216,1041
1104058216,988
1104058216,947
1104058216,896
1104058216,856
1104058216,816
1104058216,767
1104058216,728
1104058216,680
1104058216,642
1105543760,1381
1105543760,1335
1105543760,1290
1105543760,1244
1105543760,1199
1105543760,1154
1105543760,1109
1105543760,1064
1105543760,1019
1105543760,964
1105543760,920
1105543760,876
1105543760,833
1105543760,790
1105543760,747
1105543760,705
1105543760,663
1105543760,622
1105543760,581
1105543760,540
1105543760,500
1105543760,460
1105798776,1414
1105798776,1357
1105798776,1312
1105798776,1266
1105798776,1209
1105798776,1163
1105798776,1106
1105798776,1061
1105798776,1016
1105798776,960
1105798776,915
1105798776,860
1105798776,816
1105798776,762
1105798776,719
1105798776,677
1105798776,624
1105798776,583
1105798776,531
1105798776,491
1111013640,1656
1111013640,1612
1111013640,1568
1111013640,1524
1111013640,1479
1111013640,1435
1111013640,1381
1111013640,1337
1111013640,1292
1111013640,1248
1111013640,1203
1111013640,1159
1111013640,1114
1111013640,1061
1111013640,1017
1111013640,973
1111013640,929
1111013640,885
1111013640,842
1111013640,798
1111013640,755
1111216934,1581
1111216934,1538
1111216934,1494
1111216934,1451
1111216934,1407
1111216934,1364
1111216934,1320
1111216934,1276
1111216934,1224
1111216934,1180
1111216934,1137
1111216934,1093
1111216934,1050
1111216934,1006
1111216934,963
1111216934,919
1111216934,876
1111216934,833
1111216934,790
1111216934,738
1115077618,1595
1115077618,1552
1115077618,1499
1115077618,1456
1115077618,1413
1115077618,1370
1115077618,1327
1115077618,1273
1115077618,1230
1115077618,1188
1115077618,1145
1115077618,1103
1115077618,1051
1115077618,1009
1115077618,968
1115077618,927
1115077618,886
1115077618,836
1115077618,796
1115077618,757
1115077618,718
1115077618,680
1115077618,632
1115356973,1548
1115356973,1485
1115356973,1433
1115356973,1381
1115356973,1328
1115356973,1275
1115356973,1212
1115356973,1160
1115356973,1108
1115356973,1056
1115356973,994
1115356973,943
1115356973,893
1115356973,843
1115356973,793
1115356973,735
1115356973,686
1115356973,638
1115356973,591
1108334384,1499
1108334384,1448
1108334384,1406
1108334384,1355
1108334384,1313
1108334384,1261
1108334384,1220
1108334384,1168
1108334384,1126
1108334384,1075
1108334384,1034
1108334384,983
1108334384,942
1108334384,892
1108334384,852
1108334384,802
1108334384,762
1108334384,713
1108334384,674
1108334384,625
1108334384,587
1108334384,539
1108531612,1459
1108531612,1408
1108531612,1367
1108531612,1316
1108531612,1265
1108531612,1214
1108531612,1173
1108531612,1121
1108531612,1070
1108531612,1019
1108531612,979
1108531612,928
1108531612,878
1108531612,838
1108531612,789
1108531612,739
1108531612,690
1108531612,651
1108531612,603
1108531612,555
1108531612,507
1122903357,1707
1122903357,1663
1122903357,1608
1122903357,1553
1122903357,1498
1122903357,1443
1122903357,1388
1122903357,1334
1122903357,1280
1122903357,1237
1122903357,1183
1122903357,1131
1122903357,1078
1122903357,1026
1122903357,975
1122903357,924
1122903357,874
1122903357,834
1122903357,785
1122903357,737
1108335514,1523
1108335514,1469
1108335514,1415
1108335514,1351
1108335514,1298
1108335514,1245
1108335514,1192
1108335514,1140
1108335514,1089
1108335514,1037
1108335514,977
1108335514,926
1108335514,877
1108335514,828
1108335514,779
1108335514,731
1108335514,683
1108335514,636
1108335514,579
1108528422,1538
1108528422,1482
1108528422,1437
1108528422,1381
1108528422,1336
1108528422,1281
1108528422,1226
1108528422,1182
1108528422,1128
1108528422,1075
1108528422,1032
1108528422,980
1108528422,938
1108528422,887
1108528422,836
1108528422,796
1108528422,747
1108528422,698
1108528422,659
1108528422,611
1108528422,573
1112302803,1631
1112302803,1578
1112302803,1524
1112302803,1470
1112302803,1417
1112302803,1363
1112302803,1310
1112302803,1257
1112302803,1194
1112302803,1142
1112302803,1090
1112302803,1039
1112302803,989
1112302803,939
1112302803,889
1112302803,840
1112302803,782
1112302803,735
1112302803,688
1112515874,1545
1112515874,1481
1112515874,1429
1112515874,1366
1112515874,1303
1112515874,1251
1112515874,1190
1112515874,1139
1112515874,1078
1112515874,1018
1112515874,968
1112515874,909
1112515874,851
1112515874,803
1112515874,746
1112515874,690
1112515874,644
1112515874,589
1115086689,1675
1115086689,1648
1115086689,1604
1115086689,1568
1115086689,1524
1115086689,1489
1115086689,1453
1115086689,1410
1115086689,1375
1115086689,1331
1115086689,1296
1115086689,1262
1115086689,1218
1115086689,1184
1115086689,1149
1115086689,1106
1115086689,1071
1115086689,1028
1115086689,993
1115086689,958
1115086689,915
1115086689,880
1115086689,836
1115086689,801
1115368723,1546
1115368723,1510
1115368723,1465
1115368723,1420
1115368723,1375
1115368723,1340
1115368723,1295
1115368723,1251
1115368723,1208
1115368723,1173
1115368723,1130
1115368723,1087
1115368723,1044
1115368723,1010
1115368723,967
1115368723,925
1115368723,883
1115368723,849
1115368723,807
1115368723,765
1115368723,723
1115368723,689
1121406444,1629
1121406444,1565
1121406444,1501
1121406444,1449
1121406444,1385
1121406444,1322
1121406444,1259
1121406444,1207
1121406444,1145
1121406444,1084
1121406444,1023
1121406444,972
1121406444,912
1121406444,853
1121406444,794
1121406444,736
1121406444,688
1121607504,1646
1121607504,1593
1121607504,1540
1121607504,1488
1121607504,1435
1121607504,1383
1121607504,1331
1121607504,1280
1121607504,1228
1121607504,1177
1121607504,1126
1121607504,1075
1121607504,1025
1121607504,975
1121607504,926
1121607504,876
1121607504,828
1121607504,779
1121607504,731
1121607504,683
1118327332,1342
1118327332,1292
1118327332,1242
1118327332,1191
1118327332,1141
1118327332,1090
1118327332,1040
1118327332,990
1118327332,940
1118327332,890
1118327332,840
1118327332,791
1118327332,742
1118327332,693
1118327332,645
1118327332,597
1118327332,550
1118327332,502
1118508667,1383
1118508667,1332
1118508667,1291
1118508667,1239
1118508667,1198
1118508667,1147
1118508667,1106
1118508667,1055
1118508667,1014
1118508667,973
1118508667,922
1118508667,882
1118508667,831
1118508667,791
1118508667,741
1118508667,702
1118508667,652
1118508667,613
1118508667,565
1118508667,526
1116941914,1567
1116941914,1512
1116941914,1457
1116941914,1413
1116941914,1358
1116941914,1304
1116941914,1251
1116941914,1208
1116941914,1156
1116941914,1104
1116941914,1052
1116941914,1002
1116941914,962
1116941914,912
1116941914,863
1116941914,815
1116941914,767
1116941914,730
1116941914,683
1117148442,1573
1117148442,1506
1117148442,1440
1117148442,1374
1117148442,1309
1117148442,1245
1117148442,1182
1117148442,1119
1117148442,1057
1117148442,996
1117148442,936
1117148442,877
1117148442,819
1117148442,762
1117148442,706
1117148442,651
1118324999,1467
1118324999,1415
1118324999,1363
1118324999,1310
1118324999,1258
1118324999,1206
1118324999,1154
1118324999,1103
1118324999,1052
1118324999,1001
1118324999,951
1118324999,901
1118324999,851
1118324999,803
1118324999,755
1118324999,707
1118324999,660
1118324999,614
1118324999,568
1118324999,523
1118512505,1454
1118512505,1402
1118512505,1351
1118512505,1299
1118512505,1248
1118512505,1196
1118512505,1145
1118512505,1095
1118512505,1044
1118512505,994
1118512505,935
1118512505,886
1118512505,837
1118512505,790
1118512505,742
1118512505,696
1118512505,650
1118512505,605
1118512505,560
1118512505,516
1124285719,1691
1124285719,1639
1124285719,1587
1124285719,1535
1124285719,1483
1124285719,1432
1124285719,1381
1124285719,1331
1124285719,1281
1124285719,1232
1124285719,1183
1124285719,1135
1124285719,1087
1124285719,1040
1124285719,994
1124285719,949
1124285719,904
1124285719,860
1124285719,817
1124507277,1673
1124507277,1618
1124507277,1574
1124507277,1520
1124507277,1466
1124507277,1412
1124507277,1369
1124507277,1316
1124507277,1264
1124507277,1222
1124507277,1171
1124507277,1120
1124507277,1080
1124507277,1030
1124507277,982
1124507277,944
1124507277,897
1124507277,852
1124507277,816
1124507277,772
1119946360,1959
1119946360,1908
1119946360,1845
1119946360,1795
1119946360,1732
1119946360,1682
1119946360,1620
1119946360,1572
1119946360,1511
1119946360,1464
1119946360,1405
1119946360,1359
1119946360,1313
1119946360,1257
1119946360,1214
1119946360,1160
1119946360,1117
1119946360,1065
1119946360,1024
1119946360,974
1119946360,935
1119946360,886
1120251466,1959
1120251466,1896
1120251466,1846
1120251466,1783
1120251466,1733
1120251466,1683
1120251466,1622
1120251466,1573
1120251466,1513
1120251466,1465
1120251466,1407
1120251466,1361
1120251466,1316
1120251466,1260
1120251466,1216
1120251466,1162
1120251466,1120
1120251466,1068
1120251466,1027
1120251466,987
1120251466,938
1120251466,899
1125713722,1853
1125713722,1793
1125713722,1734
1125713722,1666
1125713722,1609
1125713722,1551
1125713722,1495
1125713722,1439
1125713722,1374
1125713722,1319
1125713722,1264
1125713722,1210
1125713722,1155
1125713722,1092
1125713722,1038
1125713722,984
1125937457,1825
1125937457,1771
1125937457,1717
1125937457,1674
1125937457,1621
1125937457,1568
1125937457,1516
1125937457,1475
1125937457,1424
1125937457,1374
1125937457,1324
1125937457,1284
1125937457,1236
1125937457,1188
1125937457,1141
1125937457,1104
1125937457,1058
1125937457,1012
1125937457,967
1125937457,932
1130113579,1516
1130113579,1462
1130113579,1409
1130113579,1356
1130113579,1303
1130113579,1252
1130113579,1200
1130113579,1149
1130113579,1099
1130113579,1049
1130113579,1000
1130113579,942
1130113579,894
1130113579,847
1130113579,800
1130113579,754
1130113579,709
1130113579,663
1130113579,619
1130349290,1446
1130349290,1403
1130349290,1350
1130349290,1307
1130349290,1255
1130349290,1213
1130349290,1162
1130349290,1121
1130349290,1080
1130349290,1030
1130349290,991
1130349290,942
1130349290,903
1130349290,856
1130349290,818
1130349290,771
1130349290,735
1130349290,689
1130349290,653
1130349290,618
1128520325,1583
1128520325,1537
1128520325,1491
1128520325,1455
1128520325,1409
1128520325,1363
1128520325,1327
1128520325,1281
1128520325,1236
1128520325,1200
1128520325,1155
1128520325,1110
1128520325,1074
1128520325,1029
1128520325,993
1128520325,949
1128520325,905
1128520325,870
1128520325,826
1128520325,782
1128520325,747
1128719842,1515
1128719842,1470
1128719842,1424
1128719842,1388
1128719842,1343
1128719842,1298
1128719842,1253
1128719842,1208
1128719842,1164
1128719842,1119
1128719842,1075
1128719842,1031
1128719842,987
1128719842,943
1128719842,900
1128719842,857
1128719842,813
1128719842,779
1128719842,736
1128719842,694
1139846596,2007
1139846596,1942
1139846596,1890
1139846596,1826
1139846596,1762
1139846596,1699
1139846596,1636
1139846596,1586
1139846596,1525
1139846596,1465
1139846596,1406
1139846596,1360
1139846596,1303
1139846596,1247
1139846596,1193
1139846596,1140
1139846596,1098
1139846596,1048
1139846596,998
1139846596,950
1139846596,912
1139846596,866
1139846596,821
1140102579,2041
1140102579,1990
1140102579,1927
1140102579,1877
1140102579,1814
1140102579,1765
1140102579,1704
1140102579,1655
1140102579,1595
1140102579,1548
1140102579,1490
1140102579,1445
1140102579,1389
1140102579,1345
1140102579,1291
1140102579,1249
1140102579,1197
1140102579,1156
1140102579,1106
1140102579,1067
1140102579,1020
1140102579,982
1140102579,936
1152632711,1845
1152632711,1802
1152632711,1749
1152632711,1695
1152632711,1653
1152632711,1600
1152632711,1548
1152632711,1496
1152632711,1455
1152632711,1404
1152632711,1354
1152632711,1314
1152632711,1264
1152632711,1215
1152632711,1167
1152632711,1129
1152632711,1082
1152632711,1035
1152632711,989
1152632711,952
1152632711,907
1152811536,1897
1152811536,1855
1152811536,1802
1152811536,1760
1152811536,1707
1152811536,1666
1152811536,1614
1152811536,1573
1152811536,1522
1152811536,1482
1152811536,1431
1152811536,1392
1152811536,1342
1152811536,1303
1152811536,1255
1152811536,1216
1152811536,1169
1152811536,1131
1152811536,1085
1152811536,1048
1152811536,1002
1152811536,957
1152811536,921
